CustomerID,churn_probability,risk_band,reason_1,reason_2,reason_3,actual_churn
53671,1.0,HIGH,NumberOfAddress +4.32 (raises risk),Tenure +3.38 (raises risk),IsNewCustomer +2.60 (raises risk),1
50329,1.0,HIGH,Tenure +4.49 (raises risk),Complain +4.19 (raises risk),IsNewCustomer +2.48 (raises risk),1
52343,1.0,HIGH,Complain +5.78 (raises risk),OrdersPerTenure +5.60 (raises risk),Tenure +3.22 (raises risk),1
54288,1.0,HIGH,Complain +5.77 (raises risk),Tenure +3.69 (raises risk),OrdersPerTenure +2.48 (raises risk),1
50339,1.0,HIGH,Complain +5.14 (raises risk),Tenure +3.46 (raises risk),DaySinceLastOrder +2.91 (raises risk),1
54923,1.0,HIGH,NumberOfAddress +5.12 (raises risk),Complain +4.20 (raises risk),Tenure +3.30 (raises risk),1
53069,1.0,HIGH,Complain +5.78 (raises risk),NumberOfAddress +4.27 (raises risk),Tenure +4.07 (raises risk),1
51038,1.0,HIGH,OrdersPerTenure +5.52 (raises risk),Tenure +4.20 (raises risk),CashbackAmount +2.50 (raises risk),1
53749,1.0,HIGH,OrdersPerTenure +5.45 (raises risk),Complain +4.96 (raises risk),Tenure +3.05 (raises risk),1
50013,1.0,HIGH,Complain +3.86 (raises risk),OrdersPerTenure +3.80 (raises risk),Tenure +3.58 (raises risk),1
54618,1.0,HIGH,Complain +4.93 (raises risk),Tenure +3.25 (raises risk),OrdersPerTenure +2.79 (raises risk),1
51318,1.0,HIGH,Complain +6.98 (raises risk),NumberOfAddress +4.55 (raises risk),Tenure +3.92 (raises risk),1
52123,1.0,HIGH,MaritalStatus_Single +3.49 (raises risk),CashbackAmount +3.34 (raises risk),SatisfactionScore +2.31 (raises risk),1
52920,1.0,HIGH,Complain +5.11 (raises risk),Tenure +3.16 (raises risk),IsNewCustomer +2.69 (raises risk),1
50162,1.0,HIGH,Complain +5.68 (raises risk),WarehouseToHome +3.73 (raises risk),DaySinceLastOrder +2.54 (raises risk),1
53126,1.0,HIGH,OrdersPerTenure +4.63 (raises risk),NumberOfAddress +4.40 (raises risk),Tenure +4.27 (raises risk),1
55107,1.0,HIGH,Complain +5.57 (raises risk),WarehouseToHome +3.73 (raises risk),MaritalStatus_Single +2.34 (raises risk),1
52721,1.0,HIGH,Complain +5.30 (raises risk),Tenure +4.20 (raises risk),NumberOfDeviceRegistered -3.39 (lowers risk),1
50199,1.0,HIGH,Complain +5.17 (raises risk),Tenure +4.60 (raises risk),NumberOfAddress +4.25 (raises risk),1
55540,1.0,HIGH,WarehouseToHome +4.23 (raises risk),Tenure +3.08 (raises risk),IsNewCustomer +3.02 (raises risk),1
50933,1.0,HIGH,Tenure +5.08 (raises risk),NumberOfAddress +3.06 (raises risk),OrdersPerTenure +2.61 (raises risk),1
52827,1.0,HIGH,Complain +6.02 (raises risk),NumberOfAddress +5.17 (raises risk),MaritalStatus_Single +2.34 (raises risk),1
50438,1.0,HIGH,Complain +6.21 (raises risk),OrdersPerTenure +5.79 (raises risk),RecencyRatio +4.68 (raises risk),1
53727,1.0,HIGH,Complain +5.81 (raises risk),NumberOfAddress +5.45 (raises risk),Tenure +3.70 (raises risk),1
54806,1.0,HIGH,Complain +5.22 (raises risk),NumberOfAddress +3.64 (raises risk),Tenure +3.44 (raises risk),1
54990,1.0,HIGH,Complain +4.35 (raises risk),Tenure +3.76 (raises risk),MaritalStatus_Single +2.87 (raises risk),1
50244,1.0,HIGH,Complain +5.46 (raises risk),WarehouseToHome +4.23 (raises risk),DaySinceLastOrder +2.93 (raises risk),1
54182,1.0,HIGH,NumberOfAddress +5.43 (raises risk),Tenure +2.97 (raises risk),SatisfactionScore +2.87 (raises risk),1
51517,1.0,HIGH,Tenure +3.48 (raises risk),OrdersPerTenure +2.63 (raises risk),IsNewCustomer +2.20 (raises risk),1
55271,1.0,HIGH,Complain +5.35 (raises risk),Tenure +3.47 (raises risk),IsNewCustomer +2.69 (raises risk),1
53697,1.0,HIGH,SatisfactionScore +3.64 (raises risk),WarehouseToHome +3.40 (raises risk),Tenure +2.95 (raises risk),1
54953,1.0,HIGH,OrdersPerTenure +3.40 (raises risk),Tenure +3.35 (raises risk),RecencyRatio +3.12 (raises risk),1
52582,1.0,HIGH,Tenure +5.06 (raises risk),NumberOfAddress +4.49 (raises risk),OrdersPerTenure +3.31 (raises risk),1
52423,1.0,HIGH,Tenure +4.95 (raises risk),NumberOfAddress +4.53 (raises risk),IsNewCustomer +2.28 (raises risk),1
55451,1.0,HIGH,NumberOfAddress +5.52 (raises risk),Tenure +4.28 (raises risk),IsNewCustomer +2.66 (raises risk),1
51043,1.0,HIGH,NumberOfAddress +5.42 (raises risk),Tenure +4.78 (raises risk),OrdersPerTenure +3.78 (raises risk),1
51157,1.0,HIGH,Complain +6.32 (raises risk),OrdersPerTenure +5.40 (raises risk),Tenure +3.44 (raises risk),1
51457,1.0,HIGH,Complain +6.33 (raises risk),Tenure +3.91 (raises risk),IsNewCustomer +2.75 (raises risk),1
53797,1.0,HIGH,OrdersPerTenure +6.74 (raises risk),Tenure +2.93 (raises risk),CashbackAmount +2.77 (raises risk),1
54870,1.0,HIGH,Complain +4.98 (raises risk),Tenure +2.97 (raises risk),MaritalStatus_Single +2.72 (raises risk),1
50261,1.0,HIGH,Complain +5.69 (raises risk),NumberOfAddress +2.50 (raises risk),MaritalStatus_Single +2.39 (raises risk),1
55473,1.0,HIGH,IsNewCustomer +3.08 (raises risk),OrdersPerTenure +3.02 (raises risk),DaySinceLastOrder +2.85 (raises risk),1
54293,1.0,HIGH,Tenure +4.43 (raises risk),Complain +4.05 (raises risk),IsNewCustomer +2.98 (raises risk),1
50569,1.0,HIGH,OrdersPerTenure +5.06 (raises risk),Tenure +4.22 (raises risk),Complain +3.18 (raises risk),1
52456,1.0,HIGH,Complain +4.94 (raises risk),CashbackAmount +3.96 (raises risk),IsNewCustomer +2.41 (raises risk),1
55434,1.0,HIGH,Complain +4.79 (raises risk),Tenure +3.49 (raises risk),OrdersPerTenure +2.73 (raises risk),1
55314,1.0,HIGH,Complain +5.77 (raises risk),Tenure +3.32 (raises risk),IsNewCustomer +2.84 (raises risk),1
55229,1.0,HIGH,Tenure +3.81 (raises risk),NumberOfAddress +3.27 (raises risk),IsNewCustomer +2.81 (raises risk),1
51133,1.0,HIGH,Tenure +4.91 (raises risk),IsNewCustomer +2.88 (raises risk),OrdersPerTenure +2.68 (raises risk),1
55398,1.0,HIGH,NumberOfAddress +4.74 (raises risk),NumberOfDeviceRegistered +3.06 (raises risk),Tenure +3.02 (raises risk),1
53751,1.0,HIGH,Complain +4.95 (raises risk),Tenure +3.91 (raises risk),OrdersPerTenure +2.86 (raises risk),1
52617,1.0,HIGH,Tenure +3.52 (raises risk),OrdersPerTenure +2.82 (raises risk),PreferredPaymentMode_E wallet +2.63 (raises risk),1
50808,1.0,HIGH,Complain +5.63 (raises risk),OrdersPerTenure +4.94 (raises risk),Tenure +4.43 (raises risk),1
51215,1.0,HIGH,Complain +6.22 (raises risk),Tenure +2.56 (raises risk),DaySinceLastOrder +2.56 (raises risk),1
51803,1.0,HIGH,Complain +5.44 (raises risk),MaritalStatus_Single +3.10 (raises risk),CashbackAmount +2.38 (raises risk),1
52015,1.0,HIGH,Complain +6.26 (raises risk),NumberOfAddress +3.93 (raises risk),SatisfactionScore +2.82 (raises risk),1
51348,1.0,HIGH,Complain +5.43 (raises risk),NumberOfAddress +2.95 (raises risk),DaySinceLastOrder +2.82 (raises risk),1
55362,1.0,HIGH,Complain +5.01 (raises risk),Tenure +3.07 (raises risk),IsNewCustomer +2.65 (raises risk),1
52353,1.0,HIGH,OrdersPerTenure +6.31 (raises risk),Tenure +4.51 (raises risk),Complain +4.49 (raises risk),1
50416,1.0,HIGH,Complain +7.06 (raises risk),OrdersPerTenure +4.38 (raises risk),NumberOfAddress +3.60 (raises risk),1
54601,1.0,HIGH,Tenure +4.29 (raises risk),NumberOfAddress +3.65 (raises risk),Complain +3.59 (raises risk),1
53397,1.0,HIGH,Complain +5.77 (raises risk),WarehouseToHome +3.73 (raises risk),Tenure +2.29 (raises risk),1
52741,1.0,HIGH,Complain +4.46 (raises risk),Tenure +4.28 (raises risk),RecencyRatio +4.18 (raises risk),1
55332,1.0,HIGH,Complain +5.78 (raises risk),NumberOfAddress +2.55 (raises risk),SatisfactionScore +2.45 (raises risk),1
52159,1.0,HIGH,OrdersPerTenure +5.93 (raises risk),NumberOfAddress +3.80 (raises risk),CashbackAmount +2.69 (raises risk),1
53384,1.0,HIGH,OrdersPerTenure +4.48 (raises risk),Tenure +3.66 (raises risk),IsNewCustomer +2.87 (raises risk),1
52788,1.0,HIGH,Complain +6.79 (raises risk),NumberOfAddress +4.55 (raises risk),Tenure +3.98 (raises risk),1
53527,1.0,HIGH,Tenure +3.53 (raises risk),OrdersPerTenure +3.38 (raises risk),WarehouseToHome +3.31 (raises risk),1
52513,1.0,HIGH,NumberOfAddress +5.41 (raises risk),Tenure +4.73 (raises risk),OrdersPerTenure +3.72 (raises risk),1
53666,1.0,HIGH,Complain +5.91 (raises risk),MaritalStatus_Single +3.18 (raises risk),NumberOfAddress +3.16 (raises risk),1
53698,1.0,HIGH,OrdersPerTenure +6.07 (raises risk),Complain +3.69 (raises risk),Tenure +3.48 (raises risk),1
54454,1.0,HIGH,OrdersPerTenure +6.28 (raises risk),Complain +4.51 (raises risk),MaritalStatus_Single +3.85 (raises risk),1
51012,1.0,HIGH,Complain +3.97 (raises risk),Tenure +3.97 (raises risk),OrdersPerTenure +2.55 (raises risk),1
54023,1.0,HIGH,Complain +7.22 (raises risk),WarehouseToHome +3.50 (raises risk),Tenure +3.35 (raises risk),1
51473,1.0,HIGH,Complain +4.98 (raises risk),MaritalStatus_Single +2.62 (raises risk),OrdersPerTenure +2.29 (raises risk),1
50944,1.0,HIGH,Tenure +4.11 (raises risk),NumberOfAddress +3.16 (raises risk),OrdersPerTenure +2.97 (raises risk),1
55347,1.0,HIGH,Complain +7.14 (raises risk),OrdersPerTenure +4.80 (raises risk),Tenure +3.47 (raises risk),1
52094,1.0,HIGH,Tenure +3.85 (raises risk),OrdersPerTenure +3.26 (raises risk),NumberOfAddress +3.20 (raises risk),1
50936,1.0,HIGH,Tenure +4.16 (raises risk),Complain +3.64 (raises risk),OrdersPerTenure +2.59 (raises risk),1
52977,1.0,HIGH,Complain +5.57 (raises risk),WarehouseToHome +4.21 (raises risk),DaySinceLastOrder +2.35 (raises risk),1
55173,1.0,HIGH,Tenure +2.95 (raises risk),IsNewCustomer +2.75 (raises risk),MaritalStatus_Single +2.69 (raises risk),1
52126,0.9999,HIGH,Tenure +4.26 (raises risk),RecencyRatio +3.86 (raises risk),WarehouseToHome +2.66 (raises risk),1
52950,0.9999,HIGH,Tenure +3.30 (raises risk),WarehouseToHome +2.84 (raises risk),MaritalStatus_Single +2.63 (raises risk),1
54378,0.9999,HIGH,MaritalStatus_Single +3.22 (raises risk),PreferredPaymentMode_Cash on Delivery +2.97 (raises risk),CashbackPerOrder +2.71 (raises risk),1
51728,0.9999,HIGH,Tenure +3.43 (raises risk),MaritalStatus_Single +3.25 (raises risk),SatisfactionScore +2.46 (raises risk),1
52835,0.9999,HIGH,Complain +5.96 (raises risk),NumberOfAddress +5.15 (raises risk),CashbackPerOrder +1.64 (raises risk),1
53259,0.9999,HIGH,Complain +5.31 (raises risk),NumberOfAddress +4.44 (raises risk),SatisfactionScore +2.75 (raises risk),1
50576,0.9999,HIGH,PreferredPaymentMode_Cash on Delivery +2.72 (raises risk),DaySinceLastOrder +2.47 (raises risk),MaritalStatus_Single +2.31 (raises risk),1
55018,0.9999,HIGH,Complain +5.61 (raises risk),MaritalStatus_Single +2.51 (raises risk),OrderAmountHikeFromlastYear +1.52 (raises risk),1
53676,0.9999,HIGH,Complain +4.86 (raises risk),OrdersPerTenure +4.54 (raises risk),Tenure +3.57 (raises risk),1
52203,0.9999,HIGH,Complain +5.52 (raises risk),MaritalStatus_Single +2.45 (raises risk),Tenure +1.86 (raises risk),1
50582,0.9999,HIGH,Complain +5.60 (raises risk),WarehouseToHome +2.99 (raises risk),Tenure +2.72 (raises risk),1
51214,0.9999,HIGH,MaritalStatus_Single +2.87 (raises risk),Tenure +2.64 (raises risk),DaySinceLastOrder +2.37 (raises risk),1
50258,0.9999,HIGH,Tenure +3.43 (raises risk),MaritalStatus_Single +3.25 (raises risk),SatisfactionScore +2.46 (raises risk),1
52550,0.9999,HIGH,Complain +5.44 (raises risk),SatisfactionScore +1.40 (raises risk),CityTier +1.38 (raises risk),1
50444,0.9999,HIGH,Complain +5.14 (raises risk),NumberOfAddress +3.70 (raises risk),SatisfactionScore +2.74 (raises risk),1
51673,0.9999,HIGH,Complain +4.81 (raises risk),Tenure +3.80 (raises risk),NumberOfAddress +2.60 (raises risk),1
53299,0.9999,HIGH,OrdersPerTenure +3.72 (raises risk),NumberOfAddress +2.75 (raises risk),CashbackPerOrder +1.98 (raises risk),1
51388,0.9999,HIGH,WarehouseToHome +4.36 (raises risk),DaySinceLastOrder +2.60 (raises risk),MaritalStatus_Single +2.27 (raises risk),1
54893,0.9999,HIGH,Tenure +2.95 (raises risk),OrdersPerTenure +2.82 (raises risk),IsNewCustomer +2.55 (raises risk),1
52052,0.9999,HIGH,Complain +5.60 (raises risk),WarehouseToHome +2.99 (raises risk),Tenure +2.72 (raises risk),1
54263,0.9999,HIGH,Complain +5.76 (raises risk),Tenure +3.27 (raises risk),IsNewCustomer +2.56 (raises risk),1
50888,0.9999,HIGH,MaritalStatus_Single +3.24 (raises risk),CashbackAmount +2.97 (raises risk),CityTier +2.41 (raises risk),1
54962,0.9999,HIGH,Complain +5.23 (raises risk),DaySinceLastOrder +3.20 (raises risk),CityTier +2.40 (raises risk),1
50959,0.9999,HIGH,MaritalStatus_Single +2.70 (raises risk),CashbackAmount +2.48 (raises risk),SatisfactionScore +2.41 (raises risk),1
54913,0.9999,HIGH,OrdersPerTenure +5.89 (raises risk),RecencyRatio +3.45 (raises risk),MaritalStatus_Single +2.99 (raises risk),1
50512,0.9999,HIGH,Complain +6.27 (raises risk),OrdersPerTenure +4.41 (raises risk),RecencyRatio +2.95 (raises risk),1
51173,0.9999,HIGH,Complain +5.54 (raises risk),WarehouseToHome +2.52 (raises risk),IsNewCustomer +2.27 (raises risk),1
53631,0.9999,HIGH,WarehouseToHome +5.12 (raises risk),SatisfactionScore +3.39 (raises risk),MaritalStatus_Single +2.20 (raises risk),1
50355,0.9999,HIGH,Complain +5.18 (raises risk),Tenure +3.93 (raises risk),IsNewCustomer +2.40 (raises risk),1
54366,0.9999,HIGH,Tenure +3.24 (raises risk),WarehouseToHome +2.82 (raises risk),RecencyRatio +2.78 (raises risk),1
55244,0.9999,HIGH,SatisfactionScore +3.17 (raises risk),NumberOfAddress +2.78 (raises risk),CashbackPerOrder +2.66 (raises risk),1
50093,0.9999,HIGH,MaritalStatus_Single +3.37 (raises risk),PreferredPaymentMode_Cash on Delivery +2.83 (raises risk),RecencyRatio +2.59 (raises risk),1
50768,0.9999,HIGH,Complain +7.35 (raises risk),MaritalStatus_Single +2.61 (raises risk),CashbackAmount +2.31 (raises risk),1
50718,0.9999,HIGH,Complain +5.79 (raises risk),Tenure +3.06 (raises risk),IsNewCustomer +2.70 (raises risk),1
50655,0.9999,HIGH,Complain +6.22 (raises risk),NumberOfAddress +3.95 (raises risk),OrderAmountHikeFromlastYear +1.35 (raises risk),1
55499,0.9999,HIGH,Tenure +2.67 (raises risk),CashbackPerOrder +2.51 (raises risk),OrdersPerTenure +2.43 (raises risk),1
54910,0.9999,HIGH,NumberOfDeviceRegistered +2.38 (raises risk),RecencyRatio +1.91 (raises risk),OrdersPerTenure +1.90 (raises risk),1
54365,0.9999,HIGH,Complain +6.03 (raises risk),Tenure +3.09 (raises risk),WarehouseToHome +2.84 (raises risk),1
55622,0.9999,HIGH,Complain +6.58 (raises risk),WarehouseToHome +5.33 (raises risk),SatisfactionScore +2.16 (raises risk),1
50461,0.9998,HIGH,Complain +5.23 (raises risk),CashbackAmount +3.96 (raises risk),SatisfactionScore +2.79 (raises risk),1
50484,0.9998,HIGH,OrdersPerTenure +3.25 (raises risk),CashbackPerOrder +2.55 (raises risk),CityTier +1.61 (raises risk),1
53112,0.9998,HIGH,NumberOfAddress +4.11 (raises risk),Tenure +3.43 (raises risk),IsNewCustomer +2.74 (raises risk),1
50607,0.9998,HIGH,Complain +4.08 (raises risk),Tenure +3.67 (raises risk),OrdersPerTenure +2.58 (raises risk),1
52569,0.9998,HIGH,NumberOfAddress +3.47 (raises risk),OrdersPerTenure +3.06 (raises risk),CashbackAmount +2.13 (raises risk),1
50471,0.9998,HIGH,Complain +5.55 (raises risk),NumberOfAddress +4.36 (raises risk),MaritalStatus_Single +1.95 (raises risk),1
52009,0.9998,HIGH,Tenure +3.32 (raises risk),DaySinceLastOrder +3.25 (raises risk),WarehouseToHome +2.70 (raises risk),1
55273,0.9998,HIGH,NumberOfAddress +4.83 (raises risk),Tenure +3.02 (raises risk),CashbackAmount +2.32 (raises risk),1
50474,0.9998,HIGH,Tenure +4.14 (raises risk),OrdersPerTenure +3.21 (raises risk),NumberOfAddress +2.92 (raises risk),1
55217,0.9998,HIGH,Tenure +3.41 (raises risk),IsNewCustomer +2.52 (raises risk),OrdersPerTenure +2.00 (raises risk),1
53008,0.9998,HIGH,OrdersPerTenure +3.34 (raises risk),CashbackAmount +2.31 (raises risk),OrderAmountHikeFromlastYear +1.74 (raises risk),1
52098,0.9998,HIGH,OrdersPerTenure +5.87 (raises risk),RecencyRatio +3.57 (raises risk),MaritalStatus_Single +3.12 (raises risk),1
55272,0.9998,HIGH,CashbackAmount +2.40 (raises risk),OrderAmountHikeFromlastYear +2.01 (raises risk),CashbackPerOrder +1.95 (raises risk),1
51328,0.9998,HIGH,NumberOfAddress +3.69 (raises risk),CityTier +2.41 (raises risk),OrderAmountHikeFromlastYear +1.62 (raises risk),1
55182,0.9997,HIGH,Tenure +3.64 (raises risk),OrdersPerTenure +2.80 (raises risk),IsNewCustomer +2.66 (raises risk),1
54425,0.9997,HIGH,Tenure +3.16 (raises risk),IsNewCustomer +2.77 (raises risk),DaySinceLastOrder +2.42 (raises risk),1
50988,0.9997,HIGH,Tenure +3.93 (raises risk),NumberOfAddress +3.42 (raises risk),CashbackAmount +2.77 (raises risk),1
52184,0.9997,HIGH,Complain +4.88 (raises risk),MaritalStatus_Single +3.27 (raises risk),NumberOfAddress -2.04 (lowers risk),1
50193,0.9997,HIGH,OrdersPerTenure +2.96 (raises risk),CashbackAmount +2.72 (raises risk),RecencyRatio +1.79 (raises risk),1
54750,0.9996,HIGH,Complain +5.37 (raises risk),Tenure +3.17 (raises risk),IsNewCustomer +2.56 (raises risk),1
50297,0.9996,HIGH,Tenure +4.34 (raises risk),NumberOfAddress +3.65 (raises risk),IsNewCustomer +2.42 (raises risk),1
54203,0.9996,HIGH,WarehouseToHome +3.82 (raises risk),NumberOfDeviceRegistered +3.29 (raises risk),IsNewCustomer +2.55 (raises risk),1
50008,0.9996,HIGH,Complain +6.72 (raises risk),OrdersPerTenure +2.63 (raises risk),IsNewCustomer +2.62 (raises risk),1
50011,0.9996,HIGH,OrdersPerTenure +6.20 (raises risk),OrderCount +3.01 (raises risk),CashbackAmount +2.28 (raises risk),1
50861,0.9996,HIGH,Complain +5.44 (raises risk),OrdersPerTenure +5.09 (raises risk),Tenure +4.31 (raises risk),1
52457,0.9996,HIGH,CashbackAmount +2.80 (raises risk),OrderAmountHikeFromlastYear +1.96 (raises risk),RecencyRatio +1.82 (raises risk),1
52679,0.9996,HIGH,NumberOfAddress +3.61 (raises risk),CashbackAmount +2.46 (raises risk),RecencyRatio +2.36 (raises risk),1
53619,0.9996,HIGH,CashbackAmount +3.51 (raises risk),RecencyRatio +2.41 (raises risk),WarehouseToHome +2.00 (raises risk),1
54817,0.9995,HIGH,Complain +6.87 (raises risk),WarehouseToHome +3.53 (raises risk),IsNewCustomer +2.52 (raises risk),1
54940,0.9995,HIGH,Complain +6.06 (raises risk),NumberOfAddress +5.61 (raises risk),CashbackPerOrder +1.74 (raises risk),1
55200,0.9995,HIGH,OrdersPerTenure +3.07 (raises risk),Tenure +2.72 (raises risk),IsNewCustomer +2.54 (raises risk),1
50014,0.9994,HIGH,Complain +4.57 (raises risk),Tenure +4.32 (raises risk),OrdersPerTenure +2.58 (raises risk),1
54400,0.9994,HIGH,Complain +5.99 (raises risk),IsNewCustomer +2.61 (raises risk),Tenure +2.37 (raises risk),1
50140,0.9994,HIGH,Tenure +3.27 (raises risk),IsNewCustomer +2.56 (raises risk),OrdersPerTenure +2.26 (raises risk),1
54756,0.9992,HIGH,Complain +5.48 (raises risk),NumberOfAddress +3.95 (raises risk),MaritalStatus_Single +1.47 (raises risk),1
50080,0.999,HIGH,Complain +4.93 (raises risk),Tenure +3.51 (raises risk),WarehouseToHome +2.66 (raises risk),1
51346,0.999,HIGH,NumberOfAddress +5.09 (raises risk),Complain +4.30 (raises risk),CityTier +1.98 (raises risk),1
51550,0.999,HIGH,Complain +5.31 (raises risk),Tenure +3.46 (raises risk),IsNewCustomer +2.06 (raises risk),1
52644,0.999,HIGH,WarehouseToHome +2.62 (raises risk),CashbackPerOrder +2.11 (raises risk),NumberOfAddress +2.04 (raises risk),1
51585,0.9989,HIGH,Complain +5.66 (raises risk),Tenure +3.08 (raises risk),MaritalStatus_Single +2.64 (raises risk),1
51768,0.9989,HIGH,DaySinceLastOrder +2.70 (raises risk),Tenure +2.65 (raises risk),OrdersPerTenure +2.42 (raises risk),1
50725,0.9987,HIGH,NumberOfAddress +3.54 (raises risk),NumberOfDeviceRegistered +2.14 (raises risk),MaritalStatus_Single +1.87 (raises risk),1
52174,0.9985,HIGH,OrdersPerTenure +2.27 (raises risk),IsNewCustomer +2.20 (raises risk),CashbackPerOrder +2.17 (raises risk),1
50815,0.9984,HIGH,Tenure +3.79 (raises risk),CashbackAmount +3.06 (raises risk),OrdersPerTenure +2.60 (raises risk),1
50058,0.9984,HIGH,Complain +6.12 (raises risk),PreferredPaymentMode_E wallet +2.41 (raises risk),MaritalStatus_Single +2.01 (raises risk),1
51528,0.9984,HIGH,Complain +6.12 (raises risk),PreferredPaymentMode_E wallet +2.41 (raises risk),MaritalStatus_Single +2.01 (raises risk),1
52077,0.9983,HIGH,Complain +4.31 (raises risk),Tenure +3.61 (raises risk),OrdersPerTenure +2.67 (raises risk),1
53286,0.9979,HIGH,Complain +5.59 (raises risk),NumberOfAddress +3.95 (raises risk),MaritalStatus_Single +1.64 (raises risk),1
50298,0.9974,HIGH,Tenure +2.65 (raises risk),DaySinceLastOrder +2.47 (raises risk),OrdersPerTenure +2.45 (raises risk),1
54497,0.9974,HIGH,Complain +5.60 (raises risk),IsNewCustomer +2.69 (raises risk),Tenure +2.59 (raises risk),1
54630,0.9967,HIGH,NumberOfAddress +3.66 (raises risk),Tenure +3.64 (raises risk),IsNewCustomer +3.02 (raises risk),1
55177,0.9964,HIGH,Tenure +2.86 (raises risk),IsNewCustomer +2.58 (raises risk),MaritalStatus_Single +2.31 (raises risk),1
53707,0.9964,HIGH,Tenure +2.86 (raises risk),IsNewCustomer +2.58 (raises risk),MaritalStatus_Single +2.31 (raises risk),1
53937,0.9961,HIGH,NumberOfAddress +4.77 (raises risk),Tenure +3.43 (raises risk),IsNewCustomer +3.16 (raises risk),1
55407,0.9961,HIGH,NumberOfAddress +4.77 (raises risk),Tenure +3.43 (raises risk),IsNewCustomer +3.16 (raises risk),1
53276,0.9959,HIGH,Complain +5.35 (raises risk),NumberOfDeviceRegistered -3.83 (lowers risk),Tenure +3.06 (raises risk),1
54250,0.9952,HIGH,OrdersPerTenure +2.71 (raises risk),CashbackAmount +2.16 (raises risk),CashbackPerOrder +1.68 (raises risk),1
54746,0.994,HIGH,Complain +5.27 (raises risk),NumberOfDeviceRegistered -3.86 (lowers risk),Tenure +2.88 (raises risk),1
50536,0.9923,HIGH,Complain +4.82 (raises risk),NumberOfAddress +2.88 (raises risk),CashbackAmount +2.40 (raises risk),1
52006,0.9889,HIGH,Complain +4.84 (raises risk),NumberOfAddress +2.81 (raises risk),CashbackAmount +2.47 (raises risk),1
50112,0.9625,HIGH,NumberOfAddress +4.58 (raises risk),Tenure +4.30 (raises risk),IsNewCustomer +2.47 (raises risk),1
51582,0.9602,HIGH,NumberOfAddress +4.68 (raises risk),Tenure +4.20 (raises risk),IsNewCustomer +2.43 (raises risk),1
53305,0.9014,HIGH,Complain +3.59 (raises risk),Tenure +2.78 (raises risk),IsNewCustomer +2.30 (raises risk),1
54206,0.8926,HIGH,OrdersPerTenure +4.02 (raises risk),OrderCount +2.68 (raises risk),CashbackAmount +1.56 (raises risk),1
54215,0.8421,HIGH,Tenure +3.95 (raises risk),Complain +3.65 (raises risk),IsNewCustomer +2.43 (raises risk),0
52826,0.8305,HIGH,OrdersPerTenure +3.75 (raises risk),OrderCount +2.73 (raises risk),CashbackAmount +1.46 (raises risk),1
54957,0.7331,HIGH,Complain +4.69 (raises risk),OrdersPerTenure +4.51 (raises risk),IsNewCustomer +2.35 (raises risk),1
54775,0.7246,HIGH,Complain +3.44 (raises risk),Tenure +2.70 (raises risk),IsNewCustomer +2.26 (raises risk),1
53165,0.7064,HIGH,Complain +4.57 (raises risk),Tenure +2.87 (raises risk),WarehouseToHome +2.48 (raises risk),0
53487,0.6187,HIGH,Complain +4.63 (raises risk),OrdersPerTenure +4.32 (raises risk),IsNewCustomer +2.35 (raises risk),1
50032,0.451,MEDIUM,Tenure +3.90 (raises risk),OrdersPerTenure +2.56 (raises risk),IsNewCustomer +2.41 (raises risk),0
54202,0.3727,MEDIUM,CashbackAmount +2.64 (raises risk),IsNewCustomer +2.56 (raises risk),Tenure +2.42 (raises risk),0
52235,0.2553,LOW,Complain +4.98 (raises risk),OrdersPerTenure +4.11 (raises risk),IsNewCustomer +2.10 (raises risk),0
50765,0.2253,LOW,Complain +4.86 (raises risk),OrdersPerTenure +3.95 (raises risk),RecencyRatio +2.02 (raises risk),0
51363,0.1877,LOW,Complain +4.07 (raises risk),NumberOfDeviceRegistered -3.72 (lowers risk),Tenure +3.09 (raises risk),0
53961,0.1058,LOW,NumberOfDeviceRegistered +4.13 (raises risk),NumberOfAddress +3.45 (raises risk),CashbackPerOrder +1.81 (raises risk),0
53196,0.0492,LOW,Complain +4.93 (raises risk),IsNewCustomer +2.61 (raises risk),Tenure +2.34 (raises risk),0
50420,0.04,LOW,Complain +3.43 (raises risk),NumberOfAddress +3.14 (raises risk),OrdersPerTenure -1.11 (lowers risk),0
55431,0.036,LOW,NumberOfDeviceRegistered +4.10 (raises risk),NumberOfAddress +3.39 (raises risk),CashbackPerOrder +1.73 (raises risk),0
54759,0.0291,LOW,OrdersPerTenure +3.02 (raises risk),Tenure +2.90 (raises risk),NumberOfAddress +2.39 (raises risk),1
52728,0.0255,LOW,Complain +3.28 (raises risk),NumberOfAddress -2.44 (lowers risk),SatisfactionScore +1.77 (raises risk),0
51890,0.0241,LOW,Complain +3.77 (raises risk),NumberOfAddress +3.24 (raises risk),OrdersPerTenure -1.18 (lowers risk),0
54176,0.0195,LOW,OrdersPerTenure +3.99 (raises risk),WarehouseToHome +2.65 (raises risk),NumberOfDeviceRegistered -1.89 (lowers risk),0
53289,0.0152,LOW,OrdersPerTenure +2.98 (raises risk),Tenure +2.77 (raises risk),NumberOfAddress +2.31 (raises risk),1
53256,0.0142,LOW,Tenure +2.46 (raises risk),IsNewCustomer +2.38 (raises risk),Complain -2.34 (lowers risk),0
51258,0.0107,LOW,Complain +3.20 (raises risk),NumberOfAddress -2.32 (lowers risk),SatisfactionScore +1.83 (raises risk),0
53425,0.0105,LOW,IsNewCustomer +2.41 (raises risk),Tenure +2.00 (raises risk),NumberOfAddress -1.84 (lowers risk),0
50422,0.0084,LOW,DaySinceLastOrder +2.55 (raises risk),NumberOfAddress -1.76 (lowers risk),Complain -1.55 (lowers risk),0
54637,0.0083,LOW,IsNewCustomer +2.70 (raises risk),Complain -2.57 (lowers risk),Tenure +2.40 (raises risk),0
52748,0.0056,LOW,Complain +4.09 (raises risk),DaySinceLastOrder +1.97 (raises risk),NumberOfAddress -1.69 (lowers risk),0
53052,0.0051,LOW,Complain +3.87 (raises risk),OrdersPerTenure -1.24 (lowers risk),NumberOfAddress +1.02 (raises risk),0
50332,0.0041,LOW,Tenure +3.02 (raises risk),NumberOfAddress +2.38 (raises risk),OrderAmountHikeFromlastYear -2.26 (lowers risk),0
54631,0.004,LOW,SatisfactionScore -3.34 (lowers risk),OrdersPerTenure +2.39 (raises risk),Tenure +2.35 (raises risk),0
54885,0.0036,LOW,OrdersPerTenure +3.24 (raises risk),Tenure +2.30 (raises risk),IsNewCustomer +2.27 (raises risk),0
50078,0.0027,LOW,Complain +3.74 (raises risk),NumberOfAddress -1.63 (lowers risk),DaySinceLastOrder +1.40 (raises risk),0
51386,0.0027,LOW,IsNewCustomer +2.08 (raises risk),Complain -1.86 (lowers risk),RecencyRatio +1.86 (raises risk),0
51548,0.0027,LOW,Complain +3.74 (raises risk),NumberOfAddress -1.63 (lowers risk),DaySinceLastOrder +1.40 (raises risk),0
53277,0.0025,LOW,IsNewCustomer +2.79 (raises risk),Tenure +2.56 (raises risk),Complain -2.06 (lowers risk),0
53161,0.0019,LOW,SatisfactionScore -3.15 (lowers risk),Tenure +2.31 (raises risk),OrdersPerTenure +2.26 (raises risk),0
50196,0.0019,LOW,Complain +3.66 (raises risk),NumberOfAddress -2.74 (lowers risk),Tenure +2.57 (raises risk),0
50318,0.0018,LOW,CashbackAmount +2.17 (raises risk),OrdersPerTenure -1.52 (lowers risk),PreferedOrderCat_Fashion +1.25 (raises risk),0
53306,0.0018,LOW,SatisfactionScore -2.68 (lowers risk),Tenure +2.65 (raises risk),Complain -2.24 (lowers risk),0
53415,0.0018,LOW,OrdersPerTenure +3.18 (raises risk),IsNewCustomer +2.38 (raises risk),Tenure +2.30 (raises risk),0
50381,0.0017,LOW,Complain +4.50 (raises risk),NumberOfAddress -2.66 (lowers risk),Tenure +2.45 (raises risk),0
55222,0.0017,LOW,IsNewCustomer +2.65 (raises risk),Tenure +2.61 (raises risk),Complain -2.22 (lowers risk),0
55583,0.0016,LOW,Complain +2.37 (raises risk),NumberOfAddress +2.32 (raises risk),IsNewCustomer -0.82 (lowers risk),0
51278,0.0016,LOW,Complain +4.23 (raises risk),DaySinceLastOrder +1.80 (raises risk),NumberOfAddress -1.70 (lowers risk),0
52483,0.0016,LOW,Complain +3.18 (raises risk),Tenure +3.10 (raises risk),IsNewCustomer +2.64 (raises risk),0
51516,0.0016,LOW,Tenure +3.53 (raises risk),IsNewCustomer +2.33 (raises risk),NumberOfAddress -2.31 (lowers risk),0
51932,0.0015,LOW,Tenure +2.70 (raises risk),IsNewCustomer +2.33 (raises risk),Complain -2.16 (lowers risk),0
53580,0.0014,LOW,Complain +3.80 (raises risk),OrdersPerTenure +3.23 (raises risk),Tenure +2.25 (raises risk),0
51309,0.0012,LOW,Complain +3.68 (raises risk),Tenure +3.31 (raises risk),IsNewCustomer +2.80 (raises risk),0
52732,0.0012,LOW,OrdersPerTenure +4.55 (raises risk),Tenure +3.01 (raises risk),WarehouseToHome -2.23 (lowers risk),0
50510,0.0012,LOW,Tenure +3.09 (raises risk),IsNewCustomer +2.85 (raises risk),Complain +2.67 (raises risk),0
51389,0.0012,LOW,Tenure +3.45 (raises risk),IsNewCustomer +2.38 (raises risk),NumberOfAddress -2.35 (lowers risk),0
51892,0.0012,LOW,DaySinceLastOrder +2.22 (raises risk),Complain -1.86 (lowers risk),NumberOfAddress -1.78 (lowers risk),0
50865,0.0011,LOW,Complain +4.24 (raises risk),NumberOfAddress +2.06 (raises risk),OrdersPerTenure -2.06 (lowers risk),0
54238,0.001,LOW,Complain +4.27 (raises risk),NumberOfAddress +2.27 (raises risk),OrdersPerTenure -1.73 (lowers risk),0
53241,0.001,LOW,IsNewCustomer +2.15 (raises risk),Tenure +2.01 (raises risk),OrdersPerTenure +1.92 (raises risk),0
50101,0.0009,LOW,Complain -2.18 (lowers risk),DaySinceLastOrder +1.89 (raises risk),RecencyRatio +1.86 (raises risk),0
52335,0.0009,LOW,Complain +4.04 (raises risk),NumberOfAddress +2.16 (raises risk),OrdersPerTenure -2.09 (lowers risk),0
54040,0.0009,LOW,Complain +4.19 (raises risk),IsNewCustomer +2.47 (raises risk),Tenure +2.45 (raises risk),0
53072,0.0009,LOW,Complain -1.55 (lowers risk),CashbackPerOrder +1.38 (raises risk),DaySinceLastOrder +1.34 (raises risk),0
51219,0.0009,LOW,Complain -2.30 (lowers risk),IsNewCustomer +2.02 (raises risk),OrdersPerTenure +1.93 (raises risk),0
51896,0.0008,LOW,Tenure +2.57 (raises risk),NumberOfAddress -2.46 (lowers risk),OrdersPerTenure +2.11 (raises risk),0
51312,0.0008,LOW,Complain +2.81 (raises risk),NumberOfAddress -2.58 (lowers risk),Tenure +2.37 (raises risk),0
52307,0.0008,LOW,Complain +2.99 (raises risk),DaySinceLastOrder +1.62 (raises risk),OrdersPerTenure -1.51 (lowers risk),0
50837,0.0008,LOW,Complain +2.99 (raises risk),DaySinceLastOrder +1.62 (raises risk),OrdersPerTenure -1.51 (lowers risk),0
54164,0.0008,LOW,Complain +4.70 (raises risk),WarehouseToHome -1.35 (lowers risk),NumberOfAddress -1.26 (lowers risk),0
51552,0.0007,LOW,Complain +5.15 (raises risk),NumberOfDeviceRegistered -4.64 (lowers risk),Tenure +2.35 (raises risk),0
52024,0.0007,LOW,Complain -2.28 (lowers risk),IsNewCustomer +1.75 (raises risk),OrdersPerTenure +1.72 (raises risk),0
53765,0.0007,LOW,Complain +4.12 (raises risk),OrdersPerTenure -1.55 (lowers risk),CashbackAmount -1.49 (lowers risk),0
55563,0.0007,LOW,Complain +3.77 (raises risk),NumberOfDeviceRegistered +2.12 (raises risk),NumberOfAddress -1.66 (lowers risk),0
51479,0.0007,LOW,Complain +2.42 (raises risk),OrdersPerTenure -1.10 (lowers risk),SatisfactionScore +1.00 (raises risk),0
54542,0.0007,LOW,Complain -1.54 (lowers risk),DaySinceLastOrder +1.34 (raises risk),CashbackPerOrder +1.32 (raises risk),0
53393,0.0006,LOW,NumberOfAddress +2.86 (raises risk),PreferredPaymentMode_UPI -2.40 (lowers risk),CashbackAmount +2.16 (raises risk),0
55625,0.0006,LOW,IsNewCustomer +2.79 (raises risk),OrdersPerTenure +2.56 (raises risk),WarehouseToHome -2.29 (lowers risk),0
55491,0.0006,LOW,OrdersPerTenure +1.84 (raises risk),NumberOfAddress +1.84 (raises risk),Complain -1.36 (lowers risk),0
53600,0.0006,LOW,NumberOfDeviceRegistered -4.38 (lowers risk),Complain +4.33 (raises risk),IsNewCustomer +2.54 (raises risk),0
52208,0.0006,LOW,Complain -2.53 (lowers risk),IsNewCustomer +2.16 (raises risk),OrdersPerTenure +1.42 (raises risk),0
52199,0.0006,LOW,OrderAmountHikeFromlastYear -3.66 (lowers risk),Complain -2.37 (lowers risk),IsNewCustomer +2.04 (raises risk),0
51510,0.0006,LOW,Tenure +3.17 (raises risk),Complain +2.46 (raises risk),NumberOfAddress -2.44 (lowers risk),0
50292,0.0006,LOW,Complain +4.44 (raises risk),IsNewCustomer +2.39 (raises risk),SatisfactionScore -2.03 (lowers risk),0
54322,0.0006,LOW,Tenure +3.04 (raises risk),IsNewCustomer +2.23 (raises risk),Complain -2.09 (lowers risk),0
52992,0.0005,LOW,IsNewCustomer +2.66 (raises risk),Tenure +2.51 (raises risk),Complain -2.50 (lowers risk),0
51984,0.0005,LOW,Tenure +3.10 (raises risk),NumberOfAddress -2.59 (lowers risk),IsNewCustomer +2.33 (raises risk),0
52891,0.0005,LOW,Tenure +2.70 (raises risk),WarehouseToHome -2.67 (lowers risk),IsNewCustomer +2.05 (raises risk),0
53716,0.0005,LOW,Complain +2.68 (raises risk),IsNewCustomer +2.64 (raises risk),Tenure +2.35 (raises risk),0
55235,0.0005,LOW,Complain +4.32 (raises risk),OrdersPerTenure -1.54 (lowers risk),CashbackAmount -1.47 (lowers risk),0
51298,0.0005,LOW,Complain +3.14 (raises risk),NumberOfAddress +2.00 (raises risk),OrdersPerTenure -1.07 (lowers risk),0
52594,0.0005,LOW,SatisfactionScore -3.23 (lowers risk),Tenure +2.86 (raises risk),Complain -1.93 (lowers risk),0
51249,0.0004,LOW,Complain +3.79 (raises risk),IsNewCustomer +2.50 (raises risk),NumberOfAddress -1.66 (lowers risk),0
54127,0.0004,LOW,IsNewCustomer +2.37 (raises risk),Complain +2.27 (raises risk),Tenure +2.23 (raises risk),0
52871,0.0004,LOW,Complain +4.91 (raises risk),SatisfactionScore -2.43 (lowers risk),NumberOfAddress +2.12 (raises risk),0
50711,0.0004,LOW,PreferredPaymentMode_Cash on Delivery +2.00 (raises risk),OrdersPerTenure -1.79 (lowers risk),Complain -1.23 (lowers risk),0
52181,0.0004,LOW,PreferredPaymentMode_Cash on Delivery +2.00 (raises risk),OrdersPerTenure -1.79 (lowers risk),Complain -1.23 (lowers risk),0
52526,0.0004,LOW,Complain -2.14 (lowers risk),MaritalStatus_Single +2.09 (raises risk),RecencyRatio -1.90 (lowers risk),0
52017,0.0004,LOW,IsNewCustomer +2.04 (raises risk),OrdersPerTenure +1.72 (raises risk),MaritalStatus_Single -1.64 (lowers risk),0
53941,0.0004,LOW,Complain +4.78 (raises risk),NumberOfAddress +3.78 (raises risk),NumberOfDeviceRegistered -3.00 (lowers risk),0
53532,0.0003,LOW,Complain -3.04 (lowers risk),Tenure +2.42 (raises risk),IsNewCustomer +2.27 (raises risk),0
50326,0.0003,LOW,Complain +3.16 (raises risk),SatisfactionScore -1.73 (lowers risk),NumberOfAddress +1.55 (raises risk),0
53753,0.0003,LOW,Complain +3.42 (raises risk),OrdersPerTenure -2.29 (lowers risk),NumberOfAddress +2.16 (raises risk),0
51842,0.0003,LOW,Tenure +2.49 (raises risk),IsNewCustomer +2.25 (raises risk),OrdersPerTenure +1.90 (raises risk),0
55154,0.0003,LOW,NumberOfDeviceRegistered -3.90 (lowers risk),Tenure +2.95 (raises risk),IsNewCustomer +2.38 (raises risk),0
53329,0.0003,LOW,IsNewCustomer +2.53 (raises risk),Tenure +2.27 (raises risk),NumberOfAddress -1.96 (lowers risk),0
53335,0.0003,LOW,Complain +2.84 (raises risk),SatisfactionScore -2.25 (lowers risk),CashbackAmount +1.74 (raises risk),0
53859,0.0003,LOW,SatisfactionScore -3.79 (lowers risk),Complain +3.78 (raises risk),IsNewCustomer +2.55 (raises risk),0
55082,0.0003,LOW,Complain +3.37 (raises risk),NumberOfAddress -2.05 (lowers risk),WarehouseToHome -1.87 (lowers risk),0
51844,0.0003,LOW,Tenure +3.35 (raises risk),OrdersPerTenure +2.59 (raises risk),Complain -1.76 (lowers risk),0
52187,0.0003,LOW,Tenure +2.96 (raises risk),Complain -2.32 (lowers risk),IsNewCustomer +2.03 (raises risk),0
51990,0.0003,LOW,Complain +3.54 (raises risk),CashbackAmount +2.51 (raises risk),SatisfactionScore -2.33 (lowers risk),0
52001,0.0003,LOW,Complain +4.52 (raises risk),PreferredPaymentMode_UPI -3.21 (lowers risk),IsNewCustomer +2.39 (raises risk),0
54021,0.0003,LOW,NumberOfAddress +2.03 (raises risk),OrdersPerTenure +1.72 (raises risk),Complain -1.46 (lowers risk),0
53782,0.0003,LOW,WarehouseToHome +3.84 (raises risk),OrdersPerTenure -1.44 (lowers risk),CashbackAmount -1.36 (lowers risk),0
51964,0.0003,LOW,NumberOfDeviceRegistered -5.77 (lowers risk),Tenure +3.24 (raises risk),NumberOfAddress +2.81 (raises risk),0
55339,0.0002,LOW,OrdersPerTenure +2.36 (raises risk),OrderAmountHikeFromlastYear -2.09 (lowers risk),IsNewCustomer +2.01 (raises risk),0
51630,0.0002,LOW,Tenure +3.63 (raises risk),OrdersPerTenure +3.50 (raises risk),NumberOfAddress -2.92 (lowers risk),0
55087,0.0002,LOW,OrdersPerTenure -1.49 (lowers risk),WarehouseToHome -1.46 (lowers risk),OrderCount +1.09 (raises risk),0
52031,0.0002,LOW,Tenure +2.99 (raises risk),NumberOfAddress -2.36 (lowers risk),WarehouseToHome -2.34 (lowers risk),0
51124,0.0002,LOW,SatisfactionScore -3.25 (lowers risk),Tenure +2.74 (raises risk),Complain -2.04 (lowers risk),0
53796,0.0002,LOW,CashbackPerOrder +1.90 (raises risk),OrdersPerTenure +1.03 (raises risk),CashbackAmount -0.97 (lowers risk),0
53810,0.0002,LOW,NumberOfAddress -1.50 (lowers risk),RecencyRatio +1.43 (raises risk),CashbackAmount +1.16 (raises risk),0
54899,0.0002,LOW,CashbackAmount +1.28 (raises risk),WarehouseToHome -1.12 (lowers risk),RecencyRatio +1.02 (raises risk),0
51169,0.0002,LOW,Complain -1.78 (lowers risk),OrdersPerTenure -1.37 (lowers risk),Tenure -1.03 (lowers risk),0
53293,0.0002,LOW,Complain +4.38 (raises risk),NumberOfAddress +2.62 (raises risk),SatisfactionScore -1.40 (lowers risk),0
50853,0.0002,LOW,Complain -2.00 (lowers risk),IsNewCustomer +1.87 (raises risk),DaySinceLastOrder +1.54 (raises risk),0
50901,0.0002,LOW,Tenure +2.98 (raises risk),Complain +2.76 (raises risk),NumberOfAddress -2.67 (lowers risk),0
53704,0.0002,LOW,NumberOfAddress +2.75 (raises risk),Complain -1.10 (lowers risk),IsNewCustomer -0.99 (lowers risk),0
50454,0.0002,LOW,Complain +3.94 (raises risk),NumberOfAddress +2.54 (raises risk),PreferedOrderCat_Laptop & Accessory -1.92 (lowers risk),0
52369,0.0002,LOW,WarehouseToHome -2.48 (lowers risk),Complain -2.10 (lowers risk),SatisfactionScore +2.06 (raises risk),0
55280,0.0002,LOW,NumberOfAddress -1.50 (lowers risk),RecencyRatio +1.42 (raises risk),CashbackAmount +1.21 (raises risk),0
51393,0.0002,LOW,OrdersPerTenure -1.77 (lowers risk),Complain -1.55 (lowers risk),DaySinceLastOrder +1.54 (raises risk),0
55103,0.0002,LOW,OrdersPerTenure -1.42 (lowers risk),RecencyRatio +1.09 (raises risk),IsNewCustomer -0.91 (lowers risk),0
51858,0.0002,LOW,SatisfactionScore -2.36 (lowers risk),NumberOfAddress -2.23 (lowers risk),MaritalStatus_Single +1.95 (raises risk),0
54994,0.0002,LOW,OrdersPerTenure +2.45 (raises risk),IsNewCustomer +2.17 (raises risk),Complain -1.98 (lowers risk),0
52800,0.0002,LOW,OrdersPerTenure -2.07 (lowers risk),CashbackAmount +1.80 (raises risk),DaySinceLastOrder +1.72 (raises risk),0
52420,0.0002,LOW,Complain +3.42 (raises risk),OrdersPerTenure -2.25 (lowers risk),DaySinceLastOrder +1.70 (raises risk),0
51399,0.0002,LOW,Complain +1.60 (raises risk),SatisfactionScore +1.28 (raises risk),NumberOfAddress -1.19 (lowers risk),0
51048,0.0002,LOW,NumberOfAddress +2.14 (raises risk),Complain -1.80 (lowers risk),Tenure +1.52 (raises risk),0
53719,0.0002,LOW,Complain +4.31 (raises risk),NumberOfDeviceRegistered -2.93 (lowers risk),OrdersPerTenure -1.51 (lowers risk),0
52576,0.0002,LOW,Tenure +2.45 (raises risk),Complain -2.09 (lowers risk),SatisfactionScore +1.97 (raises risk),0
54104,0.0002,LOW,PreferredPaymentMode_UPI -3.88 (lowers risk),Complain +3.65 (raises risk),Tenure +2.79 (raises risk),0
53009,0.0002,LOW,Complain +3.72 (raises risk),IsNewCustomer +2.34 (raises risk),WarehouseToHome -2.05 (lowers risk),0
54151,0.0002,LOW,SatisfactionScore +2.13 (raises risk),RecencyRatio -1.65 (lowers risk),Complain -1.62 (lowers risk),0
52639,0.0002,LOW,Complain -1.81 (lowers risk),OrdersPerTenure -1.33 (lowers risk),CashbackAmount +1.05 (raises risk),0
54930,0.0002,LOW,Tenure +2.40 (raises risk),IsNewCustomer +2.25 (raises risk),CashbackPerOrder +1.93 (raises risk),0
51861,0.0002,LOW,IsNewCustomer +1.90 (raises risk),MaritalStatus_Single -1.81 (lowers risk),Complain -1.69 (lowers risk),0
54158,0.0001,LOW,NumberOfDeviceRegistered -4.68 (lowers risk),Complain +4.62 (raises risk),IsNewCustomer +2.55 (raises risk),0
51514,0.0001,LOW,RecencyRatio +1.47 (raises risk),CityTier +1.45 (raises risk),WarehouseToHome -1.21 (lowers risk),0
52339,0.0001,LOW,NumberOfDeviceRegistered -3.72 (lowers risk),Tenure +3.09 (raises risk),IsNewCustomer +2.08 (raises risk),0
50744,0.0001,LOW,Tenure +2.29 (raises risk),OrdersPerTenure +2.18 (raises risk),Complain -1.93 (lowers risk),0
54128,0.0001,LOW,OrdersPerTenure -1.23 (lowers risk),Complain -1.05 (lowers risk),MaritalStatus_Single +0.87 (raises risk),0
53553,0.0001,LOW,NumberOfDeviceRegistered +2.17 (raises risk),DaySinceLastOrder +2.00 (raises risk),OrdersPerTenure -1.99 (lowers risk),0
54363,0.0001,LOW,Complain +3.29 (raises risk),CashbackAmount -1.09 (lowers risk),WarehouseToHome -1.03 (lowers risk),0
55063,0.0001,LOW,IsNewCustomer +2.10 (raises risk),NumberOfAddress -2.04 (lowers risk),Tenure +1.99 (raises risk),0
53038,0.0001,LOW,OrdersPerTenure -2.00 (lowers risk),DaySinceLastOrder +1.45 (raises risk),Complain -1.44 (lowers risk),0
51094,0.0001,LOW,PreferredPaymentMode_E wallet +1.69 (raises risk),Complain -1.54 (lowers risk),NumberOfAddress -1.25 (lowers risk),0
54744,0.0001,LOW,NumberOfAddress +2.93 (raises risk),SatisfactionScore +1.31 (raises risk),OrdersPerTenure -1.09 (lowers risk),0
53316,0.0001,LOW,Complain +3.21 (raises risk),NumberOfAddress +2.19 (raises risk),OrdersPerTenure -1.99 (lowers risk),0
54126,0.0001,LOW,Complain +3.06 (raises risk),OrdersPerTenure -2.55 (lowers risk),SatisfactionScore -2.26 (lowers risk),0
54633,0.0001,LOW,NumberOfAddress +3.70 (raises risk),OrdersPerTenure +1.70 (raises risk),Complain -1.25 (lowers risk),0
51971,0.0001,LOW,Complain +2.76 (raises risk),OrdersPerTenure -1.90 (lowers risk),Tenure -1.12 (lowers risk),0
54209,0.0001,LOW,Complain +3.11 (raises risk),SatisfactionScore -2.72 (lowers risk),OrdersPerTenure -1.95 (lowers risk),0
51243,0.0001,LOW,Complain -1.63 (lowers risk),IsNewCustomer +1.43 (raises risk),OrdersPerTenure +1.31 (raises risk),0
54382,0.0001,LOW,NumberOfAddress +2.70 (raises risk),Complain -1.62 (lowers risk),CashbackPerOrder +1.24 (raises risk),0
51743,0.0001,LOW,Complain +3.36 (raises risk),NumberOfAddress -2.69 (lowers risk),IsNewCustomer +2.54 (raises risk),0
53377,0.0001,LOW,Complain +3.59 (raises risk),OrdersPerTenure -1.78 (lowers risk),CashbackAmount -1.68 (lowers risk),0
55623,0.0001,LOW,OrdersPerTenure -1.28 (lowers risk),PreferredPaymentMode_E wallet +1.03 (raises risk),NumberOfDeviceRegistered +0.97 (raises risk),0
52401,0.0001,LOW,NumberOfAddress +2.91 (raises risk),SatisfactionScore +1.62 (raises risk),RecencyRatio -1.56 (lowers risk),0
52214,0.0001,LOW,OrdersPerTenure +2.22 (raises risk),Tenure +2.21 (raises risk),Complain -1.96 (lowers risk),0
54298,0.0001,LOW,NumberOfAddress +2.05 (raises risk),OrdersPerTenure +1.40 (raises risk),CityTier +1.34 (raises risk),0
55481,0.0001,LOW,Complain -1.45 (lowers risk),NumberOfAddress +1.33 (raises risk),PreferredPaymentMode_Cash on Delivery +1.18 (raises risk),0
50931,0.0001,LOW,NumberOfAddress +2.91 (raises risk),SatisfactionScore +1.62 (raises risk),RecencyRatio -1.56 (lowers risk),0
54057,0.0001,LOW,NumberOfAddress +2.65 (raises risk),NumberOfDeviceRegistered +2.57 (raises risk),OrderAmountHikeFromlastYear -1.59 (lowers risk),0
55575,0.0001,LOW,WarehouseToHome +2.16 (raises risk),Complain -1.61 (lowers risk),OrderAmountHikeFromlastYear -1.09 (lowers risk),0
55047,0.0001,LOW,Complain +5.00 (raises risk),NumberOfAddress -1.71 (lowers risk),CashbackPerOrder -1.47 (lowers risk),0
53359,0.0001,LOW,NumberOfAddress +1.98 (raises risk),CashbackAmount +1.88 (raises risk),Complain -1.86 (lowers risk),0
54934,0.0001,LOW,CashbackPerOrder -1.36 (lowers risk),WarehouseToHome +1.20 (raises risk),CashbackAmount +1.00 (raises risk),0
50623,0.0001,LOW,NumberOfAddress +2.96 (raises risk),Complain +2.38 (raises risk),OrdersPerTenure -2.11 (lowers risk),0
53840,0.0001,LOW,IsNewCustomer +2.50 (raises risk),Tenure +2.32 (raises risk),Complain -1.98 (lowers risk),0
52397,0.0001,LOW,NumberOfAddress +2.08 (raises risk),CityTier +1.95 (raises risk),OrdersPerTenure -1.66 (lowers risk),0
50488,0.0001,LOW,Complain +3.83 (raises risk),OrdersPerTenure +2.95 (raises risk),Tenure +2.51 (raises risk),0
53778,0.0001,LOW,Complain +4.51 (raises risk),NumberOfAddress -2.10 (lowers risk),CashbackPerOrder -1.53 (lowers risk),0
50579,0.0001,LOW,SatisfactionScore -2.23 (lowers risk),Complain +2.00 (raises risk),MaritalStatus_Single +1.91 (raises risk),0
51045,0.0001,LOW,NumberOfDeviceRegistered -6.41 (lowers risk),Tenure +3.89 (raises risk),NumberOfAddress +2.88 (raises risk),0
54315,0.0001,LOW,PreferredPaymentMode_E wallet +1.05 (raises risk),CityTier +0.99 (raises risk),Complain -0.95 (lowers risk),0
55189,0.0001,LOW,Complain +4.26 (raises risk),NumberOfDeviceRegistered -2.94 (lowers risk),OrdersPerTenure -1.41 (lowers risk),0
51480,0.0001,LOW,OrdersPerTenure +3.22 (raises risk),Tenure +3.07 (raises risk),Complain -2.76 (lowers risk),0
53364,0.0001,LOW,Complain +4.43 (raises risk),PreferredPaymentMode_UPI -3.29 (lowers risk),WarehouseToHome -2.21 (lowers risk),0
50661,0.0001,LOW,CashbackPerOrder -1.31 (lowers risk),CashbackAmount +1.31 (raises risk),Complain -0.87 (lowers risk),0
53091,0.0001,LOW,Complain +3.73 (raises risk),OrdersPerTenure -1.39 (lowers risk),NumberOfAddress -1.32 (lowers risk),0
53311,0.0001,LOW,WarehouseToHome +2.85 (raises risk),Complain -1.45 (lowers risk),OrdersPerTenure -1.32 (lowers risk),0
54075,0.0001,LOW,CityTier +1.08 (raises risk),WarehouseToHome -1.05 (lowers risk),Complain -1.04 (lowers risk),0
50887,0.0001,LOW,Complain +3.50 (raises risk),OrdersPerTenure -2.22 (lowers risk),MaritalStatus_Single +1.88 (raises risk),0
54157,0.0001,LOW,OrdersPerTenure -2.24 (lowers risk),NumberOfAddress +1.95 (raises risk),CashbackAmount +1.12 (raises risk),0
50580,0.0001,LOW,NumberOfAddress +2.88 (raises risk),WarehouseToHome -1.39 (lowers risk),OrdersPerTenure -1.33 (lowers risk),0
55274,0.0001,LOW,NumberOfAddress +2.48 (raises risk),OrdersPerTenure -1.54 (lowers risk),SatisfactionScore +1.12 (raises risk),0
52584,0.0001,LOW,Tenure +2.50 (raises risk),IsNewCustomer +2.12 (raises risk),OrdersPerTenure +1.97 (raises risk),0
53780,0.0001,LOW,WarehouseToHome +1.02 (raises risk),SatisfactionScore -0.95 (lowers risk),RecencyRatio +0.81 (raises risk),0
55151,0.0001,LOW,NumberOfAddress +2.91 (raises risk),SatisfactionScore -1.44 (lowers risk),WarehouseToHome -1.44 (lowers risk),0
53399,0.0001,LOW,NumberOfAddress +2.26 (raises risk),OrdersPerTenure -1.99 (lowers risk),CityTier +1.18 (raises risk),0
54890,0.0001,LOW,WarehouseToHome +2.35 (raises risk),Complain +1.58 (raises risk),CashbackPerOrder -1.21 (lowers risk),0
50584,0.0001,LOW,NumberOfAddress +1.48 (raises risk),OrdersPerTenure -1.38 (lowers risk),SatisfactionScore -1.17 (lowers risk),0
51398,0.0001,LOW,Complain +3.33 (raises risk),OrdersPerTenure -2.00 (lowers risk),CityTier +1.84 (raises risk),0
53993,0.0001,LOW,WarehouseToHome +2.10 (raises risk),NumberOfDeviceRegistered +1.70 (raises risk),NumberOfAddress -1.34 (lowers risk),0
55260,0.0001,LOW,OrdersPerTenure +1.43 (raises risk),NumberOfAddress -1.23 (lowers risk),CashbackAmount +1.11 (raises risk),0
52000,0.0001,LOW,NumberOfAddress +2.95 (raises risk),OrdersPerTenure -1.65 (lowers risk),OrderAmountHikeFromlastYear +1.22 (raises risk),0
52572,0.0001,LOW,NumberOfAddress +2.50 (raises risk),OrdersPerTenure -1.64 (lowers risk),Complain -1.48 (lowers risk),0
51072,0.0001,LOW,Complain +3.21 (raises risk),CashbackAmount -1.64 (lowers risk),OrdersPerTenure -1.48 (lowers risk),0
53693,0.0001,LOW,OrdersPerTenure -1.21 (lowers risk),Complain -0.86 (lowers risk),PreferedOrderCat_Fashion +0.83 (raises risk),0
53601,0.0001,LOW,Tenure +2.31 (raises risk),Complain -2.05 (lowers risk),WarehouseToHome -1.91 (lowers risk),0
54720,0.0001,LOW,Complain +3.47 (raises risk),OrdersPerTenure -2.37 (lowers risk),NumberOfAddress +2.35 (raises risk),0
53395,0.0001,LOW,NumberOfAddress +2.88 (raises risk),CashbackAmount +1.77 (raises risk),WarehouseToHome -1.68 (lowers risk),0
50418,0.0001,LOW,Complain +3.76 (raises risk),OrdersPerTenure -1.68 (lowers risk),MaritalStatus_Single +1.59 (raises risk),0
52562,0.0001,LOW,OrdersPerTenure +1.71 (raises risk),NumberOfAddress -1.69 (lowers risk),CityTier +0.92 (raises risk),0
51401,0.0001,LOW,SatisfactionScore -2.53 (lowers risk),Complain +2.26 (raises risk),DaySinceLastOrder -1.36 (lowers risk),0
54852,0.0001,LOW,Complain +4.89 (raises risk),OrdersPerTenure -1.99 (lowers risk),NumberOfAddress +1.71 (raises risk),0
55463,0.0001,LOW,WarehouseToHome +2.08 (raises risk),NumberOfDeviceRegistered +1.69 (raises risk),OrdersPerTenure -1.32 (lowers risk),0
54073,0.0001,LOW,Complain +2.65 (raises risk),SatisfactionScore +1.64 (raises risk),NumberOfAddress -1.61 (lowers risk),0
50256,0.0001,LOW,Tenure +3.40 (raises risk),NumberOfAddress -2.54 (lowers risk),IsNewCustomer +2.39 (raises risk),0
55409,0.0001,LOW,SatisfactionScore -3.14 (lowers risk),Tenure +2.25 (raises risk),Complain -2.19 (lowers risk),0
52468,0.0001,LOW,Complain +3.33 (raises risk),NumberOfAddress -2.37 (lowers risk),Tenure +1.61 (raises risk),0
52449,0.0001,LOW,NumberOfAddress +2.36 (raises risk),Complain -1.19 (lowers risk),CouponUsed +0.88 (raises risk),0
54223,0.0001,LOW,Tenure -5.09 (lowers risk),Complain +3.24 (raises risk),NumberOfAddress +3.02 (raises risk),0
54710,0.0001,LOW,CashbackPerOrder -1.08 (lowers risk),Complain -1.07 (lowers risk),WarehouseToHome +0.91 (raises risk),0
53932,0.0001,LOW,NumberOfDeviceRegistered +2.01 (raises risk),Complain -1.39 (lowers risk),OrdersPerTenure -1.33 (lowers risk),0
51213,0.0001,LOW,Complain -2.20 (lowers risk),IsNewCustomer +2.15 (raises risk),Tenure +1.83 (raises risk),0
53348,0.0001,LOW,NumberOfAddress +3.44 (raises risk),Complain -1.56 (lowers risk),SatisfactionScore -1.25 (lowers risk),0
53556,0.0001,LOW,SatisfactionScore +2.95 (raises risk),Complain -2.04 (lowers risk),NumberOfAddress +1.53 (raises risk),0
50263,0.0001,LOW,NumberOfAddress +2.02 (raises risk),CityTier +1.49 (raises risk),OrdersPerTenure -1.27 (lowers risk),0
53250,0.0001,LOW,Complain +3.65 (raises risk),OrdersPerTenure -2.38 (lowers risk),NumberOfAddress +2.28 (raises risk),0
53969,0.0001,LOW,NumberOfAddress +4.10 (raises risk),Complain +2.04 (raises risk),SatisfactionScore +1.23 (raises risk),0
52995,0.0001,LOW,OrdersPerTenure -1.59 (lowers risk),CashbackAmount +1.37 (raises risk),WarehouseToHome -1.27 (lowers risk),0
52030,0.0001,LOW,OrdersPerTenure -1.43 (lowers risk),Complain -0.99 (lowers risk),IsNewCustomer -0.81 (lowers risk),0
53968,0.0001,LOW,SatisfactionScore -2.82 (lowers risk),NumberOfAddress +2.76 (raises risk),Complain +2.68 (raises risk),0
54500,0.0001,LOW,Tenure +2.35 (raises risk),IsNewCustomer +2.19 (raises risk),OrdersPerTenure +1.92 (raises risk),0
52349,0.0001,LOW,Tenure +3.80 (raises risk),SatisfactionScore -2.28 (lowers risk),NumberOfAddress +1.70 (raises risk),0
50866,0.0001,LOW,NumberOfAddress +2.55 (raises risk),OrdersPerTenure -1.71 (lowers risk),WarehouseToHome -1.68 (lowers risk),0
51924,0.0001,LOW,Complain +3.77 (raises risk),NumberOfAddress +2.52 (raises risk),PreferedOrderCat_Laptop & Accessory -1.82 (lowers risk),0
50161,0.0001,LOW,OrdersPerTenure +4.45 (raises risk),Complain -2.34 (lowers risk),MaritalStatus_Single +1.74 (raises risk),0
50895,0.0001,LOW,OrdersPerTenure -2.15 (lowers risk),SatisfactionScore +1.19 (raises risk),CityTier +1.17 (raises risk),0
53871,0.0001,LOW,OrdersPerTenure -2.07 (lowers risk),Complain -1.77 (lowers risk),CashbackPerOrder +1.20 (raises risk),0
51512,0.0001,LOW,Complain -1.53 (lowers risk),OrdersPerTenure -1.47 (lowers risk),NumberOfAddress +1.10 (raises risk),0
53177,0.0001,LOW,Complain +2.18 (raises risk),OrdersPerTenure -2.11 (lowers risk),CityTier +1.34 (raises risk),0
55064,0.0001,LOW,Complain +2.48 (raises risk),DaySinceLastOrder +1.55 (raises risk),SatisfactionScore -1.55 (lowers risk),0
55588,0.0001,LOW,CashbackAmount +2.11 (raises risk),Complain -1.83 (lowers risk),CashbackPerOrder +1.58 (raises risk),0
52296,0.0001,LOW,OrdersPerTenure +2.36 (raises risk),Complain +2.30 (raises risk),NumberOfAddress -1.76 (lowers risk),0
51315,0.0,LOW,NumberOfAddress -2.36 (lowers risk),WarehouseToHome -1.20 (lowers risk),CashbackPerOrder +1.04 (raises risk),0
54236,0.0,LOW,SatisfactionScore -1.82 (lowers risk),CashbackAmount -1.53 (lowers risk),RecencyRatio -1.40 (lowers risk),0
50106,0.0,LOW,Tenure -4.15 (lowers risk),OrdersPerTenure -1.62 (lowers risk),NumberOfAddress +1.62 (raises risk),0
54394,0.0,LOW,Tenure -5.70 (lowers risk),CashbackPerOrder -1.52 (lowers risk),OrdersPerTenure -1.32 (lowers risk),0
52952,0.0,LOW,SatisfactionScore -1.20 (lowers risk),WarehouseToHome -0.96 (lowers risk),CityTier +0.93 (raises risk),0
53404,0.0,LOW,OrdersPerTenure -1.76 (lowers risk),Complain -1.42 (lowers risk),CashbackAmount -1.25 (lowers risk),0
53586,0.0,LOW,Complain +1.58 (raises risk),NumberOfAddress -1.41 (lowers risk),SatisfactionScore +1.28 (raises risk),0
50468,0.0,LOW,CashbackAmount -2.08 (lowers risk),DaySinceLastOrder +1.53 (raises risk),PreferredPaymentMode_UPI -1.50 (lowers risk),0
52479,0.0,LOW,NumberOfDeviceRegistered -2.87 (lowers risk),OrdersPerTenure -1.94 (lowers risk),CashbackAmount +1.91 (raises risk),0
53002,0.0,LOW,DaySinceLastOrder -1.75 (lowers risk),WarehouseToHome +1.15 (raises risk),CashbackPerOrder -1.02 (lowers risk),0
54605,0.0,LOW,Tenure -4.84 (lowers risk),OrdersPerTenure -0.87 (lowers risk),IsNewCustomer -0.80 (lowers risk),0
55284,0.0,LOW,Complain +2.18 (raises risk),OrdersPerTenure -1.36 (lowers risk),MaritalStatus_Single +1.05 (raises risk),0
54498,0.0,LOW,PreferredPaymentMode_UPI -1.86 (lowers risk),SatisfactionScore -1.73 (lowers risk),Complain -1.32 (lowers risk),0
54549,0.0,LOW,OrdersPerTenure -1.82 (lowers risk),WarehouseToHome -1.71 (lowers risk),Complain -1.28 (lowers risk),0
55421,0.0,LOW,OrdersPerTenure -2.02 (lowers risk),PreferredPaymentMode_Cash on Delivery +1.96 (raises risk),Complain -1.66 (lowers risk),0
50877,0.0,LOW,OrdersPerTenure -2.21 (lowers risk),Complain -1.45 (lowers risk),PreferredPaymentMode_Credit Card -1.07 (lowers risk),0
50670,0.0,LOW,NumberOfAddress -1.82 (lowers risk),WarehouseToHome -1.17 (lowers risk),PreferedOrderCat_Laptop & Accessory -0.92 (lowers risk),0
52580,0.0,LOW,OrdersPerTenure -1.86 (lowers risk),NumberOfAddress +1.82 (raises risk),DaySinceLastOrder +1.42 (raises risk),0
50675,0.0,LOW,NumberOfAddress -2.52 (lowers risk),CashbackAmount -1.40 (lowers risk),RecencyRatio +0.88 (raises risk),0
54778,0.0,LOW,OrdersPerTenure -2.20 (lowers risk),Complain -1.68 (lowers risk),CashbackPerOrder +1.64 (raises risk),0
50151,0.0,LOW,Complain +1.39 (raises risk),SatisfactionScore -1.27 (lowers risk),OrdersPerTenure -1.26 (lowers risk),0
50493,0.0,LOW,OrdersPerTenure -2.44 (lowers risk),Complain -1.53 (lowers risk),IsNewCustomer -0.97 (lowers risk),0
55616,0.0,LOW,Complain -1.72 (lowers risk),OrdersPerTenure -1.52 (lowers risk),IsNewCustomer -0.85 (lowers risk),0
50563,0.0,LOW,Complain -1.99 (lowers risk),CashbackPerOrder -1.34 (lowers risk),CashbackAmount -1.13 (lowers risk),0
55437,0.0,LOW,OrdersPerTenure -2.14 (lowers risk),IsNewCustomer -0.97 (lowers risk),Complain -0.97 (lowers risk),0
53543,0.0,LOW,RecencyRatio -1.79 (lowers risk),SatisfactionScore -1.44 (lowers risk),Complain -1.39 (lowers risk),0
51406,0.0,LOW,Complain +3.80 (raises risk),WarehouseToHome -1.60 (lowers risk),NumberOfAddress -1.50 (lowers risk),0
53449,0.0,LOW,Tenure -6.04 (lowers risk),Complain +1.78 (raises risk),OrdersPerTenure -1.56 (lowers risk),0
52120,0.0,LOW,Tenure -5.51 (lowers risk),NumberOfAddress +2.93 (raises risk),OrdersPerTenure -1.54 (lowers risk),0
52676,0.0,LOW,NumberOfAddress +1.97 (raises risk),Complain -1.45 (lowers risk),DaySinceLastOrder -1.10 (lowers risk),0
52239,0.0,LOW,SatisfactionScore -1.59 (lowers risk),WarehouseToHome -1.47 (lowers risk),NumberOfAddress -1.46 (lowers risk),0
51649,0.0,LOW,NumberOfDeviceRegistered -3.63 (lowers risk),RecencyRatio -1.84 (lowers risk),OrdersPerTenure +1.65 (raises risk),0
55022,0.0,LOW,Complain -1.33 (lowers risk),CashbackPerOrder -1.09 (lowers risk),WarehouseToHome -1.04 (lowers risk),0
54392,0.0,LOW,PreferredPaymentMode_Cash on Delivery +1.66 (raises risk),RecencyRatio -1.03 (lowers risk),DaySinceLastOrder -1.03 (lowers risk),0
53092,0.0,LOW,Tenure -6.44 (lowers risk),NumberOfAddress +2.52 (raises risk),Complain -1.93 (lowers risk),0
54625,0.0,LOW,PreferredPaymentMode_Cash on Delivery +2.17 (raises risk),OrdersPerTenure -1.97 (lowers risk),CashbackAmount +1.36 (raises risk),0
51293,0.0,LOW,NumberOfAddress -2.49 (lowers risk),OrdersPerTenure -1.77 (lowers risk),Complain -1.72 (lowers risk),0
50176,0.0,LOW,Complain -1.81 (lowers risk),CashbackPerOrder -1.59 (lowers risk),NumberOfAddress -1.39 (lowers risk),0
51968,0.0,LOW,OrdersPerTenure -1.76 (lowers risk),SatisfactionScore -1.37 (lowers risk),IsNewCustomer -0.76 (lowers risk),0
50159,0.0,LOW,Tenure -5.23 (lowers risk),OrdersPerTenure -1.74 (lowers risk),SatisfactionScore -1.42 (lowers risk),0
52493,0.0,LOW,Tenure -4.81 (lowers risk),WarehouseToHome +2.15 (raises risk),OrdersPerTenure -1.48 (lowers risk),0
51904,0.0,LOW,SatisfactionScore -2.05 (lowers risk),RecencyRatio -1.93 (lowers risk),WarehouseToHome +1.80 (raises risk),0
51176,0.0,LOW,NumberOfDeviceRegistered -3.24 (lowers risk),PreferredPaymentMode_Cash on Delivery +1.52 (raises risk),NumberOfAddress -1.46 (lowers risk),0
53574,0.0,LOW,RecencyRatio -1.92 (lowers risk),CashbackPerOrder -1.61 (lowers risk),Complain -1.11 (lowers risk),0
54485,0.0,LOW,RecencyRatio -1.55 (lowers risk),Complain -1.42 (lowers risk),DaySinceLastOrder -1.15 (lowers risk),0
54078,0.0,LOW,NumberOfAddress -2.22 (lowers risk),WarehouseToHome -1.61 (lowers risk),CashbackPerOrder +1.26 (raises risk),0
54160,0.0,LOW,NumberOfDeviceRegistered -3.49 (lowers risk),OrdersPerTenure -1.19 (lowers risk),CashbackAmount -1.10 (lowers risk),0
53442,0.0,LOW,Tenure -4.89 (lowers risk),NumberOfAddress -1.40 (lowers risk),DaySinceLastOrder -1.35 (lowers risk),0
50702,0.0,LOW,NumberOfDeviceRegistered -1.89 (lowers risk),WarehouseToHome -1.83 (lowers risk),Complain -1.73 (lowers risk),0
54683,0.0,LOW,NumberOfDeviceRegistered -2.99 (lowers risk),SatisfactionScore -2.05 (lowers risk),OrdersPerTenure -1.92 (lowers risk),0
50766,0.0,LOW,Tenure -5.37 (lowers risk),NumberOfAddress +2.28 (raises risk),CashbackAmount +1.56 (raises risk),0
52797,0.0,LOW,NumberOfAddress -1.59 (lowers risk),OrdersPerTenure -1.42 (lowers risk),SatisfactionScore -1.13 (lowers risk),0
53317,0.0,LOW,NumberOfDeviceRegistered -4.12 (lowers risk),NumberOfAddress +2.32 (raises risk),CashbackAmount +1.02 (raises risk),0
51843,0.0,LOW,Complain +2.22 (raises risk),PreferredPaymentMode_UPI -2.02 (lowers risk),SatisfactionScore -1.64 (lowers risk),0
52045,0.0,LOW,Tenure -4.16 (lowers risk),OrdersPerTenure -1.23 (lowers risk),WarehouseToHome -0.99 (lowers risk),0
53645,0.0,LOW,Complain +2.12 (raises risk),NumberOfAddress -1.74 (lowers risk),OrdersPerTenure -1.73 (lowers risk),0
54787,0.0,LOW,NumberOfDeviceRegistered -4.13 (lowers risk),NumberOfAddress +2.52 (raises risk),CashbackAmount +1.04 (raises risk),0
53381,0.0,LOW,OrdersPerTenure +2.13 (raises risk),NumberOfAddress -1.57 (lowers risk),Complain +1.11 (raises risk),0
53310,0.0,LOW,NumberOfDeviceRegistered -3.29 (lowers risk),WarehouseToHome -1.60 (lowers risk),SatisfactionScore +1.24 (raises risk),0
51014,0.0,LOW,Tenure -5.41 (lowers risk),Complain +2.22 (raises risk),NumberOfAddress -1.07 (lowers risk),0
52621,0.0,LOW,Tenure -5.45 (lowers risk),OrdersPerTenure -1.33 (lowers risk),IsNewCustomer -0.87 (lowers risk),0
51475,0.0,LOW,Tenure -4.20 (lowers risk),OrdersPerTenure -1.18 (lowers risk),NumberOfAddress -1.03 (lowers risk),0
53101,0.0,LOW,NumberOfDeviceRegistered +2.23 (raises risk),WarehouseToHome -1.37 (lowers risk),Complain -1.12 (lowers risk),0
55519,0.0,LOW,SatisfactionScore -1.85 (lowers risk),Complain +1.26 (raises risk),IsNewCustomer -1.02 (lowers risk),0
55555,0.0,LOW,OrderAmountHikeFromlastYear -2.15 (lowers risk),Complain -1.84 (lowers risk),SatisfactionScore -1.54 (lowers risk),0
54914,0.0,LOW,Complain +3.06 (raises risk),OrdersPerTenure -1.72 (lowers risk),PreferredPaymentMode_Credit Card -1.25 (lowers risk),0
51543,0.0,LOW,OrdersPerTenure -1.87 (lowers risk),IsNewCustomer -0.88 (lowers risk),Complain -0.75 (lowers risk),0
55290,0.0,LOW,Complain -1.85 (lowers risk),PreferredPaymentMode_UPI -1.63 (lowers risk),OrdersPerTenure -1.46 (lowers risk),0
50502,0.0,LOW,NumberOfDeviceRegistered -4.02 (lowers risk),NumberOfAddress +1.58 (raises risk),OrdersPerTenure -1.48 (lowers risk),0
53138,0.0,LOW,NumberOfAddress +2.38 (raises risk),CityTier +2.26 (raises risk),DaySinceLastOrder -1.68 (lowers risk),0
53485,0.0,LOW,CashbackAmount +1.77 (raises risk),OrdersPerTenure -1.52 (lowers risk),WarehouseToHome -1.16 (lowers risk),0
53445,0.0,LOW,SatisfactionScore -1.73 (lowers risk),NumberOfAddress -1.64 (lowers risk),Complain -1.32 (lowers risk),0
55577,0.0,LOW,OrdersPerTenure +1.47 (raises risk),NumberOfAddress -1.38 (lowers risk),CashbackAmount -1.09 (lowers risk),0
54248,0.0,LOW,Tenure -4.13 (lowers risk),SatisfactionScore -1.45 (lowers risk),OrdersPerTenure -1.41 (lowers risk),0
54948,0.0,LOW,Tenure -4.88 (lowers risk),OrdersPerTenure -1.51 (lowers risk),CashbackPerOrder -1.43 (lowers risk),0
50602,0.0,LOW,WarehouseToHome -3.02 (lowers risk),NumberOfAddress -1.58 (lowers risk),SatisfactionScore +1.37 (raises risk),0
53371,0.0,LOW,OrdersPerTenure -2.32 (lowers risk),PreferredPaymentMode_UPI -1.56 (lowers risk),CashbackAmount -1.05 (lowers risk),0
52413,0.0,LOW,Complain +2.52 (raises risk),OrdersPerTenure -2.06 (lowers risk),SatisfactionScore +1.02 (raises risk),0
52720,0.0,LOW,Tenure -6.32 (lowers risk),Complain +2.49 (raises risk),CashbackAmount -2.14 (lowers risk),0
51574,0.0,LOW,Complain -1.98 (lowers risk),OrdersPerTenure -1.62 (lowers risk),CityTier +1.33 (raises risk),0
54329,0.0,LOW,OrdersPerTenure -1.91 (lowers risk),CityTier +1.53 (raises risk),SatisfactionScore -1.48 (lowers risk),0
55245,0.0,LOW,Complain +1.57 (raises risk),NumberOfAddress -1.50 (lowers risk),MaritalStatus_Single -1.35 (lowers risk),0
54628,0.0,LOW,NumberOfAddress -1.19 (lowers risk),IsNewCustomer -0.91 (lowers risk),Complain -0.91 (lowers risk),0
52416,0.0,LOW,NumberOfAddress -3.05 (lowers risk),IsNewCustomer +2.28 (raises risk),Tenure +2.02 (raises risk),0
54796,0.0,LOW,Complain +2.65 (raises risk),OrdersPerTenure -1.15 (lowers risk),MaritalStatus_Single -1.07 (lowers risk),0
54291,0.0,LOW,WarehouseToHome +2.90 (raises risk),OrdersPerTenure -1.91 (lowers risk),Complain -1.89 (lowers risk),0
50898,0.0,LOW,NumberOfDeviceRegistered -2.72 (lowers risk),PreferredPaymentMode_Cash on Delivery +2.12 (raises risk),OrdersPerTenure -1.88 (lowers risk),0
51644,0.0,LOW,SatisfactionScore -2.49 (lowers risk),NumberOfDeviceRegistered -2.46 (lowers risk),DaySinceLastOrder +1.83 (raises risk),0
52305,0.0,LOW,NumberOfAddress -1.11 (lowers risk),DaySinceLastOrder -0.93 (lowers risk),Complain -0.86 (lowers risk),0
54783,0.0,LOW,OrdersPerTenure -1.35 (lowers risk),SatisfactionScore -1.24 (lowers risk),CashbackAmount -1.12 (lowers risk),0
54984,0.0,LOW,Complain -1.38 (lowers risk),NumberOfAddress -1.32 (lowers risk),IsNewCustomer -0.94 (lowers risk),0
51583,0.0,LOW,Tenure -5.88 (lowers risk),Complain +2.73 (raises risk),MaritalStatus_Single +2.08 (raises risk),0
53517,0.0,LOW,NumberOfDeviceRegistered -2.08 (lowers risk),OrdersPerTenure +1.60 (raises risk),Complain -1.59 (lowers risk),0
50286,0.0,LOW,OrdersPerTenure -1.47 (lowers risk),NumberOfDeviceRegistered +1.41 (raises risk),WarehouseToHome -1.35 (lowers risk),0
55139,0.0,LOW,NumberOfDeviceRegistered -3.30 (lowers risk),NumberOfAddress +1.88 (raises risk),Complain -0.96 (lowers risk),0
54649,0.0,LOW,OrdersPerTenure -1.81 (lowers risk),WarehouseToHome -0.83 (lowers risk),SatisfactionScore -0.80 (lowers risk),0
54156,0.0,LOW,SatisfactionScore -2.69 (lowers risk),NumberOfDeviceRegistered -2.51 (lowers risk),OrdersPerTenure -2.02 (lowers risk),0
52243,0.0,LOW,Tenure -4.85 (lowers risk),OrdersPerTenure -1.69 (lowers risk),NumberOfAddress +1.18 (raises risk),0
53473,0.0,LOW,PreferredPaymentMode_UPI -1.64 (lowers risk),NumberOfAddress -1.63 (lowers risk),WarehouseToHome +1.62 (raises risk),0
53229,0.0,LOW,PreferredPaymentMode_UPI -2.15 (lowers risk),OrdersPerTenure -1.34 (lowers risk),Complain -1.25 (lowers risk),0
53451,0.0,LOW,Tenure -6.00 (lowers risk),Complain -1.30 (lowers risk),OrdersPerTenure -1.22 (lowers risk),0
52581,0.0,LOW,SatisfactionScore -1.73 (lowers risk),OrdersPerTenure -1.30 (lowers risk),IsNewCustomer -0.91 (lowers risk),0
50612,0.0,LOW,NumberOfAddress +2.67 (raises risk),OrdersPerTenure -2.09 (lowers risk),Complain -1.82 (lowers risk),0
52498,0.0,LOW,SatisfactionScore -3.34 (lowers risk),OrdersPerTenure +2.43 (raises risk),Tenure +2.22 (raises risk),0
54709,0.0,LOW,OrdersPerTenure -2.07 (lowers risk),SatisfactionScore -1.48 (lowers risk),CashbackPerOrder +1.12 (raises risk),0
55403,0.0,LOW,OrdersPerTenure -1.80 (lowers risk),Complain -1.54 (lowers risk),CashbackAmount -0.97 (lowers risk),0
51757,0.0,LOW,Tenure -4.97 (lowers risk),NumberOfAddress +2.39 (raises risk),Complain -1.32 (lowers risk),0
55239,0.0,LOW,OrderCount +1.95 (raises risk),Complain -1.58 (lowers risk),DaySinceLastOrder -1.47 (lowers risk),0
54801,0.0,LOW,SatisfactionScore -2.92 (lowers risk),OrdersPerTenure +2.64 (raises risk),NumberOfAddress -2.00 (lowers risk),0
55338,0.0,LOW,Tenure -5.48 (lowers risk),NumberOfAddress +2.39 (raises risk),OrdersPerTenure -1.63 (lowers risk),0
50669,0.0,LOW,OrdersPerTenure +2.08 (raises risk),Complain -2.07 (lowers risk),IsNewCustomer +1.55 (raises risk),0
50324,0.0,LOW,Complain -1.90 (lowers risk),NumberOfAddress +1.80 (raises risk),WarehouseToHome -1.47 (lowers risk),0
51242,0.0,LOW,NumberOfAddress +2.01 (raises risk),OrderAmountHikeFromlastYear -1.39 (lowers risk),OrdersPerTenure -1.34 (lowers risk),0
51437,0.0,LOW,Tenure -5.86 (lowers risk),Complain +2.62 (raises risk),DaySinceLastOrder +2.28 (raises risk),0
50485,0.0,LOW,CashbackAmount -2.74 (lowers risk),NumberOfAddress +2.53 (raises risk),CashbackPerOrder -1.73 (lowers risk),0
50473,0.0,LOW,Complain +3.69 (raises risk),NumberOfAddress +3.21 (raises risk),OrdersPerTenure -1.43 (lowers risk),0
50821,0.0,LOW,Tenure -6.81 (lowers risk),Complain +4.18 (raises risk),WarehouseToHome +3.46 (raises risk),0
55390,0.0,LOW,Complain +2.03 (raises risk),OrdersPerTenure -1.65 (lowers risk),IsNewCustomer -1.05 (lowers risk),0
53433,0.0,LOW,Tenure -3.86 (lowers risk),CashbackAmount +2.37 (raises risk),OrdersPerTenure -1.52 (lowers risk),0
51299,0.0,LOW,Tenure +2.43 (raises risk),WarehouseToHome -2.39 (lowers risk),Complain -2.11 (lowers risk),0
53363,0.0,LOW,OrdersPerTenure -1.89 (lowers risk),NumberOfAddress +1.68 (raises risk),Complain -1.57 (lowers risk),0
51847,0.0,LOW,Complain -2.32 (lowers risk),OrdersPerTenure +1.84 (raises risk),IsNewCustomer +1.78 (raises risk),0
53508,0.0,LOW,CashbackAmount +1.70 (raises risk),OrdersPerTenure -1.54 (lowers risk),SatisfactionScore -1.52 (lowers risk),0
50287,0.0,LOW,Tenure -5.02 (lowers risk),NumberOfAddress +2.26 (raises risk),CashbackAmount -1.49 (lowers risk),0
54427,0.0,LOW,WarehouseToHome +1.69 (raises risk),OrdersPerTenure +1.67 (raises risk),RecencyRatio -1.49 (lowers risk),0
55612,0.0,LOW,OrdersPerTenure -1.69 (lowers risk),DaySinceLastOrder -1.40 (lowers risk),SatisfactionScore -0.87 (lowers risk),0
52240,0.0,LOW,Tenure -4.67 (lowers risk),CashbackAmount -1.55 (lowers risk),CashbackPerOrder -1.37 (lowers risk),0
54493,0.0,LOW,Tenure -6.11 (lowers risk),OrdersPerTenure -1.87 (lowers risk),Complain -1.20 (lowers risk),0
54832,0.0,LOW,CashbackPerOrder +1.44 (raises risk),Complain -1.28 (lowers risk),OrdersPerTenure -1.25 (lowers risk),0
51238,0.0,LOW,OrdersPerTenure -1.76 (lowers risk),PreferredPaymentMode_Credit Card -1.24 (lowers risk),WarehouseToHome -1.18 (lowers risk),0
51534,0.0,LOW,NumberOfAddress -1.26 (lowers risk),RecencyRatio -1.12 (lowers risk),WarehouseToHome -0.73 (lowers risk),0
50994,0.0,LOW,Complain -1.86 (lowers risk),IsNewCustomer +1.85 (raises risk),SatisfactionScore -1.61 (lowers risk),0
50335,0.0,LOW,PreferredPaymentMode_UPI -2.85 (lowers risk),Complain +2.52 (raises risk),WarehouseToHome -1.45 (lowers risk),0
52844,0.0,LOW,DaySinceLastOrder -1.91 (lowers risk),OrdersPerTenure -1.61 (lowers risk),CashbackAmount +1.37 (raises risk),0
53254,0.0,LOW,Complain -2.39 (lowers risk),Tenure +1.97 (raises risk),SatisfactionScore -1.86 (lowers risk),0
54048,0.0,LOW,Complain -2.23 (lowers risk),NumberOfAddress +1.89 (raises risk),OrdersPerTenure -1.57 (lowers risk),0
51095,0.0,LOW,Complain -2.07 (lowers risk),CashbackAmount -1.02 (lowers risk),Tenure +0.95 (raises risk),0
53252,0.0,LOW,Tenure -5.60 (lowers risk),OrdersPerTenure -1.42 (lowers risk),Complain -1.35 (lowers risk),0
55615,0.0,LOW,OrdersPerTenure -2.24 (lowers risk),Complain -1.60 (lowers risk),CityTier +1.42 (raises risk),0
53355,0.0,LOW,DaySinceLastOrder -1.56 (lowers risk),NumberOfAddress -1.50 (lowers risk),Complain +1.38 (raises risk),0
55104,0.0,LOW,NumberOfAddress +3.20 (raises risk),Complain -2.13 (lowers risk),OrdersPerTenure -1.32 (lowers risk),0
54192,0.0,LOW,PreferredPaymentMode_UPI -2.37 (lowers risk),OrdersPerTenure -1.64 (lowers risk),SatisfactionScore -1.37 (lowers risk),0
54080,0.0,LOW,WarehouseToHome -1.97 (lowers risk),OrdersPerTenure +1.91 (raises risk),NumberOfAddress -1.20 (lowers risk),0
50030,0.0,LOW,RecencyRatio -1.50 (lowers risk),PreferredPaymentMode_E wallet +1.22 (raises risk),CashbackPerOrder +1.17 (raises risk),0
53140,0.0,LOW,OrdersPerTenure -1.59 (lowers risk),Complain -1.54 (lowers risk),CashbackAmount -1.00 (lowers risk),0
54385,0.0,LOW,NumberOfAddress -2.04 (lowers risk),NumberOfDeviceRegistered +1.75 (raises risk),CashbackAmount -1.22 (lowers risk),0
55316,0.0,LOW,OrdersPerTenure -2.10 (lowers risk),IsNewCustomer -0.85 (lowers risk),WarehouseToHome -0.83 (lowers risk),0
54873,0.0,LOW,SatisfactionScore -2.32 (lowers risk),Complain -1.42 (lowers risk),OrdersPerTenure -1.24 (lowers risk),0
53678,0.0,LOW,Tenure -6.67 (lowers risk),OrdersPerTenure -2.23 (lowers risk),CashbackPerOrder +1.45 (raises risk),0
51296,0.0,LOW,DaySinceLastOrder +1.90 (raises risk),WarehouseToHome -1.86 (lowers risk),Complain -1.62 (lowers risk),0
55124,0.0,LOW,OrdersPerTenure -1.82 (lowers risk),WarehouseToHome -1.44 (lowers risk),RecencyRatio +1.05 (raises risk),0
51130,0.0,LOW,Tenure -5.29 (lowers risk),OrdersPerTenure -1.84 (lowers risk),MaritalStatus_Single +1.13 (raises risk),0
55578,0.0,LOW,NumberOfAddress -1.47 (lowers risk),Complain -1.30 (lowers risk),OrderAmountHikeFromlastYear -1.22 (lowers risk),0
50180,0.0,LOW,NumberOfDeviceRegistered -3.73 (lowers risk),NumberOfAddress -1.91 (lowers risk),WarehouseToHome -1.37 (lowers risk),0
50756,0.0,LOW,PreferredPaymentMode_UPI -2.00 (lowers risk),Complain -1.72 (lowers risk),NumberOfAddress -1.25 (lowers risk),0
54240,0.0,LOW,OrdersPerTenure -1.93 (lowers risk),Complain +1.83 (raises risk),IsNewCustomer -0.99 (lowers risk),0
51797,0.0,LOW,NumberOfAddress -2.33 (lowers risk),Complain +1.41 (raises risk),WarehouseToHome +1.34 (raises risk),0
50118,0.0,LOW,DaySinceLastOrder +1.97 (raises risk),OrdersPerTenure -1.94 (lowers risk),SatisfactionScore +1.24 (raises risk),0
50403,0.0,LOW,OrdersPerTenure -1.84 (lowers risk),RecencyRatio -1.64 (lowers risk),SatisfactionScore -1.59 (lowers risk),0
50942,0.0,LOW,NumberOfAddress +1.70 (raises risk),OrdersPerTenure -1.70 (lowers risk),Complain -1.27 (lowers risk),0
50163,0.0,LOW,OrdersPerTenure -1.90 (lowers risk),SatisfactionScore -1.44 (lowers risk),Complain -1.20 (lowers risk),0
50448,0.0,LOW,Tenure +1.90 (raises risk),Complain -1.59 (lowers risk),NumberOfAddress +1.34 (raises risk),0
52145,0.0,LOW,NumberOfAddress -2.54 (lowers risk),CashbackAmount -1.39 (lowers risk),RecencyRatio +0.86 (raises risk),0
55241,0.0,LOW,NumberOfAddress +2.95 (raises risk),CashbackAmount -2.24 (lowers risk),Complain -1.72 (lowers risk),0
50142,0.0,LOW,CashbackPerOrder -1.90 (lowers risk),RecencyRatio -1.83 (lowers risk),OrdersPerTenure +1.74 (raises risk),0
54680,0.0,LOW,SatisfactionScore -1.80 (lowers risk),NumberOfDeviceRegistered +1.67 (raises risk),Complain -1.60 (lowers risk),0
54879,0.0,LOW,OrdersPerTenure -1.68 (lowers risk),Complain +1.51 (raises risk),WarehouseToHome +1.39 (raises risk),0
52877,0.0,LOW,WarehouseToHome -1.56 (lowers risk),PreferedOrderCat_Others +0.85 (raises risk),RecencyRatio +0.83 (raises risk),0
55147,0.0,LOW,SatisfactionScore -2.17 (lowers risk),Complain +1.95 (raises risk),OrdersPerTenure -1.66 (lowers risk),0
51256,0.0,LOW,NumberOfAddress -2.45 (lowers risk),OrdersPerTenure -1.32 (lowers risk),SatisfactionScore +1.32 (raises risk),0
51016,0.0,LOW,NumberOfAddress -1.36 (lowers risk),SatisfactionScore -1.27 (lowers risk),Complain +1.19 (raises risk),0
55161,0.0,LOW,Tenure -4.69 (lowers risk),PreferredPaymentMode_UPI -2.33 (lowers risk),OrdersPerTenure -2.30 (lowers risk),0
51565,0.0,LOW,Tenure -5.23 (lowers risk),OrdersPerTenure -1.73 (lowers risk),Complain -1.17 (lowers risk),0
51260,0.0,LOW,OrdersPerTenure -1.68 (lowers risk),WarehouseToHome -1.61 (lowers risk),Complain -1.18 (lowers risk),0
53995,0.0,LOW,CashbackAmount -1.05 (lowers risk),WarehouseToHome +0.96 (raises risk),CouponUsed +0.90 (raises risk),0
54054,0.0,LOW,OrdersPerTenure -1.74 (lowers risk),Complain -1.73 (lowers risk),MaritalStatus_Single +1.60 (raises risk),0
54901,0.0,LOW,PreferredPaymentMode_UPI -2.09 (lowers risk),OrdersPerTenure -1.36 (lowers risk),SatisfactionScore -0.97 (lowers risk),0
52225,0.0,LOW,Tenure -4.65 (lowers risk),NumberOfDeviceRegistered -2.72 (lowers risk),SatisfactionScore -1.74 (lowers risk),0
52490,0.0,LOW,PreferredPaymentMode_UPI -2.86 (lowers risk),NumberOfAddress +2.72 (raises risk),WarehouseToHome -1.89 (lowers risk),0
50886,0.0,LOW,Tenure -4.34 (lowers risk),NumberOfDeviceRegistered -3.26 (lowers risk),WarehouseToHome -1.37 (lowers risk),0
53983,0.0,LOW,SatisfactionScore -2.16 (lowers risk),OrdersPerTenure -1.30 (lowers risk),Complain -1.09 (lowers risk),0
51302,0.0,LOW,WarehouseToHome +2.97 (raises risk),Complain -2.34 (lowers risk),DaySinceLastOrder +2.34 (raises risk),0
53622,0.0,LOW,Complain +3.51 (raises risk),NumberOfAddress +2.26 (raises risk),CashbackAmount -1.78 (lowers risk),0
51616,0.0,LOW,Tenure -5.02 (lowers risk),Complain +3.52 (raises risk),NumberOfAddress -2.38 (lowers risk),0
50817,0.0,LOW,NumberOfAddress -2.33 (lowers risk),CashbackPerOrder -1.72 (lowers risk),OrdersPerTenure +1.65 (raises risk),0
55180,0.0,LOW,OrdersPerTenure -2.19 (lowers risk),NumberOfAddress +2.07 (raises risk),CityTier +1.26 (raises risk),0
52533,0.0,LOW,NumberOfAddress +3.16 (raises risk),OrdersPerTenure -1.71 (lowers risk),SatisfactionScore -1.47 (lowers risk),0
51831,0.0,LOW,Complain -1.89 (lowers risk),NumberOfAddress -1.88 (lowers risk),RecencyRatio -1.83 (lowers risk),0
54512,0.0,LOW,CashbackAmount +1.63 (raises risk),OrdersPerTenure -1.42 (lowers risk),Complain -1.40 (lowers risk),0
51773,0.0,LOW,Tenure -5.80 (lowers risk),WarehouseToHome +1.71 (raises risk),Complain -1.31 (lowers risk),0
52949,0.0,LOW,Tenure -4.17 (lowers risk),DaySinceLastOrder +1.79 (raises risk),Complain -1.34 (lowers risk),0
52192,0.0,LOW,CashbackAmount +1.61 (raises risk),NumberOfAddress -1.00 (lowers risk),WarehouseToHome -0.95 (lowers risk),0
53475,0.0,LOW,OrdersPerTenure -1.79 (lowers risk),IsNewCustomer -0.91 (lowers risk),OrderAmountHikeFromlastYear -0.85 (lowers risk),0
52630,0.0,LOW,CashbackPerOrder -1.94 (lowers risk),OrdersPerTenure -1.72 (lowers risk),Complain -1.66 (lowers risk),0
53436,0.0,LOW,Tenure -6.18 (lowers risk),Complain +3.25 (raises risk),IsNewCustomer -1.14 (lowers risk),0
53947,0.0,LOW,OrdersPerTenure -2.21 (lowers risk),NumberOfAddress +1.87 (raises risk),Complain -1.57 (lowers risk),0
53474,0.0,LOW,NumberOfDeviceRegistered -4.15 (lowers risk),PreferredPaymentMode_Cash on Delivery +1.18 (raises risk),Complain -1.14 (lowers risk),0
54770,0.0,LOW,NumberOfAddress +2.54 (raises risk),CashbackAmount -2.16 (lowers risk),OrdersPerTenure -1.71 (lowers risk),0
52317,0.0,LOW,Tenure -5.30 (lowers risk),OrdersPerTenure -1.79 (lowers risk),CashbackPerOrder -1.54 (lowers risk),0
52390,0.0,LOW,Tenure -4.62 (lowers risk),OrdersPerTenure -1.50 (lowers risk),PreferredPaymentMode_Cash on Delivery +1.29 (raises risk),0
50905,0.0,LOW,PreferredPaymentMode_UPI -2.29 (lowers risk),OrdersPerTenure -1.32 (lowers risk),IsNewCustomer -1.04 (lowers risk),0
55122,0.0,LOW,Complain +3.01 (raises risk),WarehouseToHome -1.94 (lowers risk),OrdersPerTenure -1.68 (lowers risk),0
53495,0.0,LOW,Tenure -4.24 (lowers risk),NumberOfDeviceRegistered -2.65 (lowers risk),CashbackAmount -1.35 (lowers risk),0
53592,0.0,LOW,Tenure -4.59 (lowers risk),NumberOfDeviceRegistered -2.89 (lowers risk),DaySinceLastOrder +2.15 (raises risk),0
50446,0.0,LOW,Tenure -3.85 (lowers risk),OrdersPerTenure -1.56 (lowers risk),SatisfactionScore -1.18 (lowers risk),0
52558,0.0,LOW,CashbackPerOrder -1.64 (lowers risk),Complain -1.60 (lowers risk),WarehouseToHome +1.57 (raises risk),0
54972,0.0,LOW,OrdersPerTenure -2.35 (lowers risk),NumberOfAddress +1.92 (raises risk),Complain -1.52 (lowers risk),0
54804,0.0,LOW,NumberOfDeviceRegistered -3.27 (lowers risk),SatisfactionScore -1.85 (lowers risk),Complain +1.74 (raises risk),0
54981,0.0,LOW,OrdersPerTenure -1.54 (lowers risk),SatisfactionScore -1.45 (lowers risk),PreferedOrderCat_Laptop & Accessory -1.02 (lowers risk),0
53610,0.0,LOW,Tenure -5.43 (lowers risk),CashbackAmount +1.48 (raises risk),NumberOfAddress +1.45 (raises risk),0
54100,0.0,LOW,CashbackPerOrder -1.05 (lowers risk),IsNewCustomer -0.90 (lowers risk),NumberOfAddress -0.86 (lowers risk),0
54342,0.0,LOW,WarehouseToHome +2.31 (raises risk),Complain -2.08 (lowers risk),OrdersPerTenure -1.08 (lowers risk),0
52864,0.0,LOW,OrdersPerTenure +2.14 (raises risk),CashbackPerOrder -1.66 (lowers risk),RecencyRatio -1.48 (lowers risk),0
52565,0.0,LOW,Complain -1.97 (lowers risk),CashbackAmount -1.09 (lowers risk),WarehouseToHome +1.06 (raises risk),0
51190,0.0,LOW,Complain -1.40 (lowers risk),NumberOfAddress +1.17 (raises risk),OrdersPerTenure -1.03 (lowers risk),0
50827,0.0,LOW,CashbackPerOrder +1.40 (raises risk),Complain -1.21 (lowers risk),NumberOfAddress -1.10 (lowers risk),0
51310,0.0,LOW,Tenure -5.10 (lowers risk),DaySinceLastOrder +2.63 (raises risk),Complain -1.45 (lowers risk),0
54547,0.0,LOW,DaySinceLastOrder -1.43 (lowers risk),Complain -0.92 (lowers risk),RecencyRatio -0.87 (lowers risk),0
50421,0.0,LOW,NumberOfAddress +2.13 (raises risk),Complain -2.01 (lowers risk),CashbackPerOrder -1.56 (lowers risk),0
50357,0.0,LOW,Complain +2.99 (raises risk),SatisfactionScore -1.77 (lowers risk),WarehouseToHome -1.75 (lowers risk),0
51476,0.0,LOW,WarehouseToHome +3.46 (raises risk),NumberOfDeviceRegistered -2.14 (lowers risk),OrdersPerTenure -1.86 (lowers risk),0
52646,0.0,LOW,NumberOfDeviceRegistered -3.17 (lowers risk),PreferredPaymentMode_Cash on Delivery +1.56 (raises risk),NumberOfAddress -1.47 (lowers risk),0
52149,0.0,LOW,DaySinceLastOrder +1.84 (raises risk),SatisfactionScore -1.66 (lowers risk),Complain -1.50 (lowers risk),0
52440,0.0,LOW,NumberOfAddress -3.32 (lowers risk),CashbackPerOrder -1.28 (lowers risk),CouponUsed +0.92 (raises risk),0
54180,0.0,LOW,SatisfactionScore -2.90 (lowers risk),Complain +2.63 (raises risk),NumberOfAddress +2.44 (raises risk),0
51897,0.0,LOW,PreferredPaymentMode_UPI -2.48 (lowers risk),NumberOfDeviceRegistered -2.47 (lowers risk),NumberOfAddress +1.92 (raises risk),0
50308,0.0,LOW,CashbackPerOrder -2.10 (lowers risk),Complain -1.97 (lowers risk),RecencyRatio -1.15 (lowers risk),0
51316,0.0,LOW,NumberOfAddress +2.38 (raises risk),OrdersPerTenure -1.74 (lowers risk),IsNewCustomer -0.94 (lowers risk),0
51066,0.0,LOW,NumberOfAddress -2.26 (lowers risk),OrdersPerTenure -1.61 (lowers risk),WarehouseToHome -0.94 (lowers risk),0
54257,0.0,LOW,PreferredPaymentMode_UPI -3.02 (lowers risk),IsNewCustomer +2.24 (raises risk),Tenure +2.01 (raises risk),0
50134,0.0,LOW,Tenure -4.07 (lowers risk),WarehouseToHome -1.99 (lowers risk),DaySinceLastOrder +1.84 (raises risk),0
53217,0.0,LOW,OrdersPerTenure -1.47 (lowers risk),DaySinceLastOrder -1.33 (lowers risk),CashbackAmount -1.25 (lowers risk),0
53162,0.0,LOW,OrdersPerTenure -1.92 (lowers risk),CashbackAmount +0.99 (raises risk),OrderAmountHikeFromlastYear -0.91 (lowers risk),0
55143,0.0,LOW,NumberOfDeviceRegistered -2.95 (lowers risk),OrdersPerTenure -1.86 (lowers risk),Complain -1.65 (lowers risk),0
53267,0.0,LOW,SatisfactionScore -1.43 (lowers risk),Complain -1.39 (lowers risk),CashbackAmount -1.34 (lowers risk),0
50799,0.0,LOW,NumberOfAddress +1.35 (raises risk),DaySinceLastOrder -0.91 (lowers risk),IsNewCustomer -0.87 (lowers risk),0
54969,0.0,LOW,NumberOfAddress +2.70 (raises risk),Complain -2.00 (lowers risk),SatisfactionScore -1.90 (lowers risk),0
53521,0.0,LOW,Complain +2.26 (raises risk),SatisfactionScore -1.62 (lowers risk),OrdersPerTenure -1.56 (lowers risk),0
51699,0.0,LOW,NumberOfDeviceRegistered -3.18 (lowers risk),Complain +2.15 (raises risk),NumberOfAddress +1.47 (raises risk),0
52789,0.0,LOW,NumberOfAddress +2.31 (raises risk),DaySinceLastOrder -1.52 (lowers risk),Complain -1.16 (lowers risk),0
53835,0.0,LOW,PreferredPaymentMode_UPI -3.26 (lowers risk),NumberOfAddress +3.07 (raises risk),WarehouseToHome -2.06 (lowers risk),0
51805,0.0,LOW,PreferredPaymentMode_UPI -2.85 (lowers risk),Complain +2.52 (raises risk),WarehouseToHome -1.45 (lowers risk),0
51581,0.0,LOW,SatisfactionScore -2.58 (lowers risk),OrdersPerTenure -1.54 (lowers risk),Complain +1.46 (raises risk),0
52756,0.0,LOW,CityTier +1.33 (raises risk),DaySinceLastOrder -1.12 (lowers risk),Complain -1.09 (lowers risk),0
51194,0.0,LOW,SatisfactionScore -2.32 (lowers risk),Complain -2.06 (lowers risk),CashbackAmount -1.34 (lowers risk),0
51624,0.0,LOW,Tenure +3.28 (raises risk),WarehouseToHome -2.55 (lowers risk),NumberOfAddress -2.03 (lowers risk),0
53509,0.0,LOW,NumberOfDeviceRegistered -2.49 (lowers risk),SatisfactionScore -2.35 (lowers risk),WarehouseToHome +1.63 (raises risk),0
54871,0.0,LOW,Complain -2.15 (lowers risk),CashbackAmount -2.05 (lowers risk),DaySinceLastOrder +1.40 (raises risk),0
52223,0.0,LOW,OrderAmountHikeFromlastYear -0.98 (lowers risk),CashbackAmount +0.94 (raises risk),RecencyRatio +0.83 (raises risk),0
50260,0.0,LOW,NumberOfAddress -1.38 (lowers risk),Complain -0.95 (lowers risk),CityTier +0.91 (raises risk),0
54894,0.0,LOW,NumberOfDeviceRegistered -5.04 (lowers risk),SatisfactionScore -2.20 (lowers risk),NumberOfAddress -1.76 (lowers risk),0
51909,0.0,LOW,Tenure +2.60 (raises risk),SatisfactionScore -2.52 (lowers risk),Complain -2.22 (lowers risk),0
53135,0.0,LOW,Tenure -4.79 (lowers risk),OrdersPerTenure -0.91 (lowers risk),Complain -0.91 (lowers risk),0
51292,0.0,LOW,NumberOfAddress -2.64 (lowers risk),CashbackPerOrder -1.38 (lowers risk),Complain -1.16 (lowers risk),0
50179,0.0,LOW,NumberOfDeviceRegistered -3.52 (lowers risk),RecencyRatio -1.89 (lowers risk),OrdersPerTenure +1.56 (raises risk),0
54430,0.0,LOW,RecencyRatio -1.64 (lowers risk),DaySinceLastOrder -1.60 (lowers risk),SatisfactionScore -1.25 (lowers risk),0
50064,0.0,LOW,RecencyRatio -1.19 (lowers risk),NumberOfAddress -1.14 (lowers risk),Complain -0.79 (lowers risk),0
50698,0.0,LOW,Complain -1.32 (lowers risk),OrderAmountHikeFromlastYear +1.16 (raises risk),PreferedOrderCat_Laptop & Accessory -1.07 (lowers risk),0
54898,0.0,LOW,NumberOfAddress +1.85 (raises risk),OrdersPerTenure -1.71 (lowers risk),CashbackPerOrder +1.40 (raises risk),0
52391,0.0,LOW,CashbackAmount +2.13 (raises risk),Complain -1.76 (lowers risk),OrdersPerTenure -1.47 (lowers risk),0
52079,0.0,LOW,NumberOfDeviceRegistered -5.19 (lowers risk),SatisfactionScore -2.50 (lowers risk),RecencyRatio -2.50 (lowers risk),0
50773,0.0,LOW,Tenure -4.98 (lowers risk),OrdersPerTenure -1.73 (lowers risk),NumberOfAddress +1.23 (raises risk),0
53528,0.0,LOW,Complain -2.12 (lowers risk),OrdersPerTenure -1.21 (lowers risk),PreferredPaymentMode_Credit Card -0.97 (lowers risk),0
52060,0.0,LOW,Tenure -4.68 (lowers risk),CashbackPerOrder -1.80 (lowers risk),Complain -1.56 (lowers risk),0
50758,0.0,LOW,Complain +1.77 (raises risk),NumberOfAddress -1.51 (lowers risk),CashbackPerOrder -1.36 (lowers risk),0
51603,0.0,LOW,NumberOfAddress -1.97 (lowers risk),OrdersPerTenure -1.38 (lowers risk),Complain -0.98 (lowers risk),0
53808,0.0,LOW,NumberOfAddress +2.27 (raises risk),SatisfactionScore -1.80 (lowers risk),CashbackPerOrder +1.50 (raises risk),0
50166,0.0,LOW,Tenure -6.77 (lowers risk),Complain +5.00 (raises risk),NumberOfAddress +2.47 (raises risk),0
55541,0.0,LOW,NumberOfAddress -1.61 (lowers risk),OrdersPerTenure -1.45 (lowers risk),IsNewCustomer -0.89 (lowers risk),0
53908,0.0,LOW,NumberOfDeviceRegistered -5.43 (lowers risk),RecencyRatio -2.41 (lowers risk),Tenure +1.75 (raises risk),0
53426,0.0,LOW,Tenure -4.47 (lowers risk),OrdersPerTenure -1.70 (lowers risk),Complain -1.13 (lowers risk),0
50218,0.0,LOW,Complain +2.83 (raises risk),NumberOfAddress -1.68 (lowers risk),SatisfactionScore -1.34 (lowers risk),0
55520,0.0,LOW,SatisfactionScore -1.95 (lowers risk),WarehouseToHome -1.34 (lowers risk),OrdersPerTenure -1.19 (lowers risk),0
52474,0.0,LOW,NumberOfDeviceRegistered -2.50 (lowers risk),Complain +2.05 (raises risk),OrdersPerTenure -1.67 (lowers risk),0
51544,0.0,LOW,OrdersPerTenure -1.82 (lowers risk),NumberOfAddress +1.60 (raises risk),Complain -1.42 (lowers risk),0
52228,0.0,LOW,NumberOfAddress -1.46 (lowers risk),Complain +1.45 (raises risk),CashbackPerOrder -1.35 (lowers risk),0
52745,0.0,LOW,OrdersPerTenure -1.09 (lowers risk),NumberOfAddress -0.97 (lowers risk),RecencyRatio +0.92 (raises risk),0
54986,0.0,LOW,SatisfactionScore -1.74 (lowers risk),NumberOfAddress -1.39 (lowers risk),IsNewCustomer -1.13 (lowers risk),0
50792,0.0,LOW,CashbackPerOrder -2.06 (lowers risk),Complain -1.80 (lowers risk),CashbackAmount -1.47 (lowers risk),0
53918,0.0,LOW,Complain -1.29 (lowers risk),NumberOfAddress -0.98 (lowers risk),IsNewCustomer -0.87 (lowers risk),0
50247,0.0,LOW,Complain -2.88 (lowers risk),SatisfactionScore -1.89 (lowers risk),IsNewCustomer +1.84 (raises risk),0
50206,0.0,LOW,OrdersPerTenure -1.28 (lowers risk),NumberOfAddress -1.05 (lowers risk),DaySinceLastOrder +1.01 (raises risk),0
53432,0.0,LOW,CashbackAmount -2.38 (lowers risk),Complain -1.89 (lowers risk),WarehouseToHome -1.70 (lowers risk),0
53005,0.0,LOW,Complain +1.57 (raises risk),NumberOfAddress -1.42 (lowers risk),CashbackPerOrder -1.30 (lowers risk),0
54589,0.0,LOW,OrdersPerTenure -2.19 (lowers risk),NumberOfAddress +1.56 (raises risk),SatisfactionScore -0.93 (lowers risk),0
52963,0.0,LOW,Complain -2.16 (lowers risk),SatisfactionScore -1.58 (lowers risk),RecencyRatio -1.33 (lowers risk),0
54232,0.0,LOW,NumberOfAddress -1.80 (lowers risk),Complain -1.74 (lowers risk),RecencyRatio -1.11 (lowers risk),0
55507,0.0,LOW,WarehouseToHome +2.23 (raises risk),PreferedOrderCat_Laptop & Accessory -0.78 (lowers risk),IsNewCustomer -0.76 (lowers risk),0
53849,0.0,LOW,OrdersPerTenure -1.97 (lowers risk),Complain -1.12 (lowers risk),NumberOfAddress +1.04 (raises risk),0
50649,0.0,LOW,NumberOfAddress -1.59 (lowers risk),CashbackPerOrder -1.53 (lowers risk),WarehouseToHome +1.24 (raises risk),0
50701,0.0,LOW,NumberOfAddress -1.86 (lowers risk),Tenure +1.68 (raises risk),SatisfactionScore -1.60 (lowers risk),0
53629,0.0,LOW,Tenure -4.40 (lowers risk),CashbackAmount +2.44 (raises risk),WarehouseToHome +2.02 (raises risk),0
52092,0.0,LOW,Complain -1.08 (lowers risk),NumberOfAddress -0.90 (lowers risk),PreferedOrderCat_Others +0.87 (raises risk),0
55110,0.0,LOW,OrdersPerTenure -1.96 (lowers risk),CashbackAmount -1.56 (lowers risk),DaySinceLastOrder -1.29 (lowers risk),0
54277,0.0,LOW,WarehouseToHome -1.71 (lowers risk),Complain -1.52 (lowers risk),OrdersPerTenure -1.25 (lowers risk),0
55202,0.0,LOW,WarehouseToHome -1.54 (lowers risk),NumberOfAddress -1.49 (lowers risk),Complain -1.46 (lowers risk),0
52599,0.0,LOW,NumberOfAddress +2.37 (raises risk),OrdersPerTenure -1.72 (lowers risk),Complain -1.61 (lowers risk),0
53511,0.0,LOW,OrdersPerTenure -1.58 (lowers risk),SatisfactionScore -1.28 (lowers risk),PreferedOrderCat_Laptop & Accessory -0.97 (lowers risk),0
52364,0.0,LOW,OrdersPerTenure -1.40 (lowers risk),SatisfactionScore -1.30 (lowers risk),WarehouseToHome -1.25 (lowers risk),0
51068,0.0,LOW,Tenure -5.05 (lowers risk),OrdersPerTenure -2.47 (lowers risk),Complain +2.27 (raises risk),0
55068,0.0,LOW,Complain -1.83 (lowers risk),WarehouseToHome -1.28 (lowers risk),OrdersPerTenure -1.26 (lowers risk),0
51590,0.0,LOW,NumberOfDeviceRegistered -3.12 (lowers risk),PreferredPaymentMode_UPI -1.96 (lowers risk),Complain -1.08 (lowers risk),0
54803,0.0,LOW,OrdersPerTenure -2.19 (lowers risk),PreferredPaymentMode_E wallet +1.64 (raises risk),Complain -1.58 (lowers risk),0
54538,0.0,LOW,NumberOfAddress +2.42 (raises risk),Complain -1.85 (lowers risk),WarehouseToHome -0.96 (lowers risk),0
52647,0.0,LOW,Tenure -5.09 (lowers risk),OrdersPerTenure +1.56 (raises risk),CashbackAmount -1.32 (lowers risk),0
55420,0.0,LOW,NumberOfDeviceRegistered -3.74 (lowers risk),RecencyRatio -2.08 (lowers risk),NumberOfAddress +1.68 (raises risk),0
50265,0.0,LOW,OrdersPerTenure -2.23 (lowers risk),MaritalStatus_Single +2.22 (raises risk),Complain +1.95 (raises risk),0
52069,0.0,LOW,NumberOfAddress +2.04 (raises risk),OrdersPerTenure -1.53 (lowers risk),Complain -1.50 (lowers risk),0
52605,0.0,LOW,NumberOfDeviceRegistered -3.77 (lowers risk),RecencyRatio -1.73 (lowers risk),Complain -1.27 (lowers risk),0
55061,0.0,LOW,OrdersPerTenure -1.95 (lowers risk),Complain -1.27 (lowers risk),CashbackAmount -0.99 (lowers risk),0
55009,0.0,LOW,PreferredPaymentMode_UPI -2.69 (lowers risk),CashbackAmount +2.16 (raises risk),SatisfactionScore -1.56 (lowers risk),0
52501,0.0,LOW,OrdersPerTenure -1.78 (lowers risk),NumberOfAddress -1.53 (lowers risk),CashbackAmount -0.97 (lowers risk),0
51519,0.0,LOW,OrdersPerTenure +1.90 (raises risk),RecencyRatio -1.60 (lowers risk),NumberOfAddress -1.43 (lowers risk),0
50182,0.0,LOW,RecencyRatio -1.55 (lowers risk),NumberOfAddress -1.47 (lowers risk),CashbackPerOrder -1.33 (lowers risk),0
50835,0.0,LOW,NumberOfAddress -1.13 (lowers risk),DaySinceLastOrder -0.96 (lowers risk),Complain -0.90 (lowers risk),0
52504,0.0,LOW,OrdersPerTenure -1.87 (lowers risk),IsNewCustomer -0.96 (lowers risk),Complain -0.95 (lowers risk),0
51894,0.0,LOW,OrdersPerTenure -1.50 (lowers risk),SatisfactionScore -1.48 (lowers risk),CityTier +1.08 (raises risk),0
50627,0.0,LOW,Tenure -5.26 (lowers risk),NumberOfAddress -1.77 (lowers risk),DaySinceLastOrder -1.42 (lowers risk),0
55413,0.0,LOW,NumberOfDeviceRegistered -3.34 (lowers risk),Complain +2.79 (raises risk),SatisfactionScore -2.36 (lowers risk),0
54284,0.0,LOW,Tenure -4.22 (lowers risk),Complain -1.63 (lowers risk),OrderCount +1.50 (raises risk),0
51136,0.0,LOW,OrdersPerTenure -2.35 (lowers risk),PreferredPaymentMode_Cash on Delivery +1.75 (raises risk),Complain -1.53 (lowers risk),0
52698,0.0,LOW,NumberOfDeviceRegistered -3.23 (lowers risk),OrdersPerTenure -1.63 (lowers risk),WarehouseToHome -1.14 (lowers risk),0
55306,0.0,LOW,NumberOfAddress +3.54 (raises risk),Complain +3.12 (raises risk),OrdersPerTenure -1.81 (lowers risk),0
51651,0.0,LOW,NumberOfAddress +1.66 (raises risk),OrdersPerTenure -1.26 (lowers risk),Complain -0.96 (lowers risk),0
53669,0.0,LOW,NumberOfDeviceRegistered -3.32 (lowers risk),NumberOfAddress +1.85 (raises risk),Complain -1.01 (lowers risk),0
51005,0.0,LOW,CashbackAmount -1.72 (lowers risk),CashbackPerOrder -1.70 (lowers risk),Complain -1.41 (lowers risk),0
50750,0.0,LOW,OrdersPerTenure +2.13 (raises risk),RecencyRatio -1.89 (lowers risk),NumberOfAddress -1.53 (lowers risk),0
53016,0.0,LOW,OrderAmountHikeFromlastYear -3.59 (lowers risk),OrdersPerTenure +2.11 (raises risk),Complain -1.79 (lowers risk),0
54808,0.0,LOW,OrdersPerTenure -1.33 (lowers risk),Complain -1.32 (lowers risk),IsNewCustomer -0.92 (lowers risk),0
50056,0.0,LOW,Complain +4.09 (raises risk),SatisfactionScore -2.54 (lowers risk),NumberOfAddress +1.49 (raises risk),0
53561,0.0,LOW,Complain +1.95 (raises risk),SatisfactionScore +1.71 (raises risk),CityTier +1.35 (raises risk),0
55387,0.0,LOW,NumberOfAddress +3.05 (raises risk),Complain -1.57 (lowers risk),OrdersPerTenure -1.36 (lowers risk),0
53497,0.0,LOW,Tenure -4.67 (lowers risk),NumberOfAddress +2.35 (raises risk),Complain -1.65 (lowers risk),0
54092,0.0,LOW,Tenure -6.15 (lowers risk),Complain +4.93 (raises risk),NumberOfAddress +2.24 (raises risk),0
55462,0.0,LOW,Tenure -5.15 (lowers risk),NumberOfAddress +1.68 (raises risk),OrdersPerTenure +1.62 (raises risk),0
50114,0.0,LOW,OrdersPerTenure -1.76 (lowers risk),Complain -1.56 (lowers risk),OrderAmountHikeFromlastYear +1.07 (raises risk),0
50402,0.0,LOW,DaySinceLastOrder -1.15 (lowers risk),OrdersPerTenure -1.08 (lowers risk),SatisfactionScore +0.90 (raises risk),0
53955,0.0,LOW,Tenure -5.15 (lowers risk),Complain -2.08 (lowers risk),CashbackPerOrder -1.76 (lowers risk),0
55094,0.0,LOW,Tenure +1.61 (raises risk),Complain -1.55 (lowers risk),SatisfactionScore +1.32 (raises risk),0
51723,0.0,LOW,Complain -1.86 (lowers risk),NumberOfAddress +1.29 (raises risk),IsNewCustomer -0.85 (lowers risk),0
54927,0.0,LOW,Tenure -5.25 (lowers risk),Complain +3.49 (raises risk),OrdersPerTenure -1.10 (lowers risk),0
51845,0.0,LOW,NumberOfAddress -2.66 (lowers risk),OrdersPerTenure -1.84 (lowers risk),Complain -1.00 (lowers risk),0
55456,0.0,LOW,Complain +2.02 (raises risk),PreferredPaymentMode_E wallet +1.61 (raises risk),WarehouseToHome -1.37 (lowers risk),0
54904,0.0,LOW,Tenure -4.96 (lowers risk),Complain +2.51 (raises risk),OrdersPerTenure -1.92 (lowers risk),0
53738,0.0,LOW,SatisfactionScore +1.60 (raises risk),OrdersPerTenure -1.57 (lowers risk),NumberOfAddress -1.48 (lowers risk),0
52334,0.0,LOW,SatisfactionScore -2.75 (lowers risk),Complain +2.14 (raises risk),WarehouseToHome +1.54 (raises risk),0
51592,0.0,LOW,WarehouseToHome -1.61 (lowers risk),OrdersPerTenure -1.39 (lowers risk),NumberOfAddress -1.31 (lowers risk),0
50719,0.0,LOW,NumberOfDeviceRegistered -5.37 (lowers risk),Tenure +2.71 (raises risk),Complain -2.22 (lowers risk),0
52281,0.0,LOW,NumberOfDeviceRegistered -3.87 (lowers risk),RecencyRatio -1.99 (lowers risk),OrdersPerTenure -1.79 (lowers risk),0
52764,0.0,LOW,Complain -1.00 (lowers risk),IsNewCustomer -0.89 (lowers risk),CashbackPerOrder -0.71 (lowers risk),0
54335,0.0,LOW,NumberOfAddress +2.44 (raises risk),Complain +2.21 (raises risk),OrdersPerTenure -2.07 (lowers risk),0
54918,0.0,LOW,NumberOfDeviceRegistered -3.14 (lowers risk),CityTier +1.49 (raises risk),OrdersPerTenure -1.40 (lowers risk),0
53307,0.0,LOW,Tenure -5.72 (lowers risk),Complain -1.34 (lowers risk),PreferredPaymentMode_E wallet +1.10 (raises risk),0
53584,0.0,LOW,WarehouseToHome -1.57 (lowers risk),SatisfactionScore -1.46 (lowers risk),Complain -1.29 (lowers risk),0
51857,0.0,LOW,Complain +1.72 (raises risk),OrdersPerTenure -1.60 (lowers risk),PreferedOrderCat_Laptop & Accessory -1.15 (lowers risk),0
51521,0.0,LOW,Tenure -5.30 (lowers risk),Complain +2.50 (raises risk),OrdersPerTenure -2.42 (lowers risk),0
52538,0.0,LOW,Tenure -5.10 (lowers risk),OrdersPerTenure -2.43 (lowers risk),Complain +2.28 (raises risk),0
52865,0.0,LOW,NumberOfAddress +2.44 (raises risk),Complain +2.21 (raises risk),OrdersPerTenure -2.07 (lowers risk),0
53804,0.0,LOW,NumberOfAddress +2.48 (raises risk),OrdersPerTenure -1.48 (lowers risk),WarehouseToHome -1.26 (lowers risk),0
52290,0.0,LOW,OrdersPerTenure +4.33 (raises risk),NumberOfAddress -3.15 (lowers risk),SatisfactionScore -2.67 (lowers risk),0
50753,0.0,LOW,OrderAmountHikeFromlastYear -0.94 (lowers risk),OrdersPerTenure -0.87 (lowers risk),CashbackAmount +0.86 (raises risk),0
52381,0.0,LOW,NumberOfDeviceRegistered -4.02 (lowers risk),Complain -2.73 (lowers risk),OrdersPerTenure +1.91 (raises risk),0
51279,0.0,LOW,Complain -1.80 (lowers risk),OrdersPerTenure -1.45 (lowers risk),NumberOfAddress -1.27 (lowers risk),0
51079,0.0,LOW,Tenure -4.90 (lowers risk),NumberOfDeviceRegistered -3.01 (lowers risk),WarehouseToHome +1.71 (raises risk),0
54677,0.0,LOW,NumberOfDeviceRegistered -5.48 (lowers risk),IsNewCustomer +2.04 (raises risk),Tenure +1.86 (raises risk),0
50155,0.0,LOW,Tenure -5.00 (lowers risk),CashbackAmount -2.19 (lowers risk),CashbackPerOrder -1.64 (lowers risk),0
51672,0.0,LOW,SatisfactionScore -1.16 (lowers risk),CashbackPerOrder -0.88 (lowers risk),CashbackAmount -0.86 (lowers risk),0
53304,0.0,LOW,PreferredPaymentMode_UPI -2.26 (lowers risk),OrdersPerTenure -1.52 (lowers risk),OrderAmountHikeFromlastYear -1.20 (lowers risk),0
50786,0.0,LOW,MaritalStatus_Single -2.15 (lowers risk),Complain -1.96 (lowers risk),WarehouseToHome -1.93 (lowers risk),0
55090,0.0,LOW,Complain +3.50 (raises risk),SatisfactionScore -2.27 (lowers risk),RecencyRatio -1.89 (lowers risk),0
53805,0.0,LOW,Tenure -5.16 (lowers risk),CashbackAmount +2.46 (raises risk),PreferredPaymentMode_UPI -2.39 (lowers risk),0
52450,0.0,LOW,NumberOfDeviceRegistered -3.97 (lowers risk),Complain -2.41 (lowers risk),NumberOfAddress +2.24 (raises risk),0
50553,0.0,LOW,Tenure -6.10 (lowers risk),PreferredPaymentMode_UPI -2.09 (lowers risk),OrdersPerTenure -1.89 (lowers risk),0
52512,0.0,LOW,OrderAmountHikeFromlastYear -2.21 (lowers risk),CashbackPerOrder -1.32 (lowers risk),WarehouseToHome -1.18 (lowers risk),0
53406,0.0,LOW,Complain +3.16 (raises risk),NumberOfDeviceRegistered -2.02 (lowers risk),PreferredPaymentMode_UPI -1.96 (lowers risk),0
52128,0.0,LOW,NumberOfAddress -2.16 (lowers risk),OrdersPerTenure -1.56 (lowers risk),PreferredPaymentMode_UPI -1.51 (lowers risk),0
51612,0.0,LOW,CashbackPerOrder -1.85 (lowers risk),RecencyRatio -1.71 (lowers risk),NumberOfAddress -1.69 (lowers risk),0
50960,0.0,LOW,Complain +2.15 (raises risk),NumberOfAddress -1.84 (lowers risk),CashbackAmount -1.49 (lowers risk),0
52968,0.0,LOW,Complain +2.31 (raises risk),OrderAmountHikeFromlastYear -1.56 (lowers risk),NumberOfAddress -1.27 (lowers risk),0
50213,0.0,LOW,NumberOfAddress -1.99 (lowers risk),SatisfactionScore -1.60 (lowers risk),PreferredPaymentMode_UPI -1.59 (lowers risk),0
52586,0.0,LOW,NumberOfAddress -1.87 (lowers risk),SatisfactionScore -1.84 (lowers risk),Complain +1.81 (raises risk),0
54508,0.0,LOW,OrdersPerTenure -2.02 (lowers risk),Complain -1.48 (lowers risk),PreferredPaymentMode_Credit Card -1.42 (lowers risk),0
55447,0.0,LOW,NumberOfAddress +1.90 (raises risk),SatisfactionScore +1.75 (raises risk),OrdersPerTenure -1.68 (lowers risk),0
55132,0.0,LOW,Tenure -5.46 (lowers risk),OrdersPerTenure -1.83 (lowers risk),CashbackAmount -1.51 (lowers risk),0
50774,0.0,LOW,CashbackPerOrder -1.12 (lowers risk),NumberOfDeviceRegistered +0.97 (raises risk),Complain -0.96 (lowers risk),0
51339,0.0,LOW,WarehouseToHome -1.91 (lowers risk),OrdersPerTenure -1.73 (lowers risk),NumberOfAddress -1.27 (lowers risk),0
54026,0.0,LOW,PreferredPaymentMode_UPI -1.71 (lowers risk),SatisfactionScore -1.44 (lowers risk),Complain -1.38 (lowers risk),0
54369,0.0,LOW,CashbackAmount +1.69 (raises risk),SatisfactionScore -1.37 (lowers risk),NumberOfAddress +1.28 (raises risk),0
54739,0.0,LOW,Complain +3.46 (raises risk),NumberOfAddress +2.73 (raises risk),NumberOfDeviceRegistered -1.78 (lowers risk),0
54964,0.0,LOW,SatisfactionScore -2.09 (lowers risk),DaySinceLastOrder +1.50 (raises risk),Complain -1.42 (lowers risk),0
52677,0.0,LOW,CashbackAmount -1.48 (lowers risk),Complain -1.06 (lowers risk),NumberOfAddress +0.80 (raises risk),0
54939,0.0,LOW,Complain +3.22 (raises risk),NumberOfAddress +3.20 (raises risk),OrdersPerTenure -2.16 (lowers risk),0
52900,0.0,LOW,NumberOfAddress +2.40 (raises risk),OrdersPerTenure -2.00 (lowers risk),CashbackPerOrder -1.32 (lowers risk),0
54319,0.0,LOW,WarehouseToHome -1.86 (lowers risk),NumberOfAddress +1.82 (raises risk),OrdersPerTenure -1.32 (lowers risk),0
51981,0.0,LOW,Complain +2.35 (raises risk),NumberOfAddress -1.86 (lowers risk),DaySinceLastOrder -1.47 (lowers risk),0
52575,0.0,LOW,Complain +1.73 (raises risk),OrdersPerTenure -1.53 (lowers risk),DaySinceLastOrder +1.37 (raises risk),0
51295,0.0,LOW,NumberOfAddress +2.60 (raises risk),OrdersPerTenure -2.25 (lowers risk),SatisfactionScore +1.51 (raises risk),0
50634,0.0,LOW,Tenure -5.69 (lowers risk),Complain +1.66 (raises risk),CashbackPerOrder -1.56 (lowers risk),0
53035,0.0,LOW,OrdersPerTenure -1.74 (lowers risk),DaySinceLastOrder -1.61 (lowers risk),CashbackAmount +1.59 (raises risk),0
52396,0.0,LOW,Complain -1.26 (lowers risk),SatisfactionScore -1.07 (lowers risk),WarehouseToHome +1.05 (raises risk),0
54790,0.0,LOW,NumberOfAddress -1.63 (lowers risk),CashbackAmount +1.39 (raises risk),SatisfactionScore -1.39 (lowers risk),0
55116,0.0,LOW,Tenure -4.77 (lowers risk),NumberOfAddress +2.90 (raises risk),NumberOfDeviceRegistered +2.85 (raises risk),0
54982,0.0,LOW,Tenure -5.84 (lowers risk),NumberOfAddress +2.06 (raises risk),OrdersPerTenure -1.77 (lowers risk),0
55350,0.0,LOW,OrdersPerTenure -1.12 (lowers risk),RecencyRatio +0.88 (raises risk),IsNewCustomer -0.79 (lowers risk),0
51637,0.0,LOW,CashbackPerOrder -1.15 (lowers risk),OrderAmountHikeFromlastYear -1.05 (lowers risk),Complain -0.97 (lowers risk),0
52906,0.0,LOW,Complain +2.36 (raises risk),SatisfactionScore -1.67 (lowers risk),CashbackAmount -1.63 (lowers risk),0
53300,0.0,LOW,NumberOfAddress +2.42 (raises risk),CashbackAmount -2.24 (lowers risk),OrdersPerTenure -1.70 (lowers risk),0
52484,0.0,LOW,Tenure -5.58 (lowers risk),Complain +2.19 (raises risk),NumberOfAddress -1.07 (lowers risk),0
52692,0.0,LOW,WarehouseToHome +2.18 (raises risk),NumberOfAddress -1.69 (lowers risk),OrdersPerTenure -1.45 (lowers risk),0
50187,0.0,LOW,NumberOfAddress -1.36 (lowers risk),OrdersPerTenure +1.30 (raises risk),DaySinceLastOrder -1.23 (lowers risk),0
51407,0.0,LOW,SatisfactionScore -1.78 (lowers risk),CashbackPerOrder +1.53 (raises risk),NumberOfAddress -1.03 (lowers risk),0
52116,0.0,LOW,Complain -1.52 (lowers risk),OrdersPerTenure -1.40 (lowers risk),CashbackPerOrder -1.01 (lowers risk),0
50214,0.0,LOW,OrdersPerTenure -1.53 (lowers risk),WarehouseToHome -1.47 (lowers risk),NumberOfAddress -1.47 (lowers risk),0
53696,0.0,LOW,PreferredPaymentMode_UPI -2.36 (lowers risk),MaritalStatus_Single +1.66 (raises risk),DaySinceLastOrder -1.46 (lowers risk),0
51199,0.0,LOW,SatisfactionScore -3.47 (lowers risk),Complain -2.01 (lowers risk),Tenure +1.91 (raises risk),0
50285,0.0,LOW,WarehouseToHome +2.47 (raises risk),Complain -1.48 (lowers risk),OrdersPerTenure -1.15 (lowers risk),0
52591,0.0,LOW,SatisfactionScore -2.48 (lowers risk),NumberOfAddress -2.29 (lowers risk),OrdersPerTenure +2.21 (raises risk),0
52511,0.0,LOW,PreferredPaymentMode_UPI -1.88 (lowers risk),SatisfactionScore -1.66 (lowers risk),Complain +1.63 (raises risk),0
52776,0.0,LOW,CashbackAmount +1.22 (raises risk),OrdersPerTenure -1.20 (lowers risk),NumberOfDeviceRegistered +0.88 (raises risk),0
54098,0.0,LOW,IsNewCustomer +2.37 (raises risk),Complain -2.08 (lowers risk),Tenure +2.02 (raises risk),0
50619,0.0,LOW,Tenure -5.17 (lowers risk),Complain +2.19 (raises risk),MaritalStatus_Single +1.39 (raises risk),0
52465,0.0,LOW,NumberOfAddress -2.42 (lowers risk),CashbackAmount +1.93 (raises risk),CashbackPerOrder -0.98 (lowers risk),0
53367,0.0,LOW,WarehouseToHome +2.36 (raises risk),Complain +2.23 (raises risk),SatisfactionScore -1.71 (lowers risk),0
52241,0.0,LOW,Complain +2.02 (raises risk),NumberOfAddress -1.93 (lowers risk),OrdersPerTenure -1.38 (lowers risk),0
52766,0.0,LOW,DaySinceLastOrder +1.91 (raises risk),Complain -1.51 (lowers risk),WarehouseToHome -1.26 (lowers risk),0
53121,0.0,LOW,NumberOfDeviceRegistered +2.14 (raises risk),CashbackPerOrder -1.42 (lowers risk),Complain -1.37 (lowers risk),0
52230,0.0,LOW,NumberOfAddress +2.20 (raises risk),OrdersPerTenure -1.36 (lowers risk),CityTier +1.21 (raises risk),0
53031,0.0,LOW,OrdersPerTenure -2.05 (lowers risk),NumberOfAddress +1.85 (raises risk),DaySinceLastOrder +1.05 (raises risk),0
51933,0.0,LOW,Tenure -4.58 (lowers risk),OrdersPerTenure -1.78 (lowers risk),NumberOfAddress +1.50 (raises risk),0
50516,0.0,LOW,OrdersPerTenure +3.57 (raises risk),Tenure +2.97 (raises risk),SatisfactionScore -2.91 (lowers risk),0
52266,0.0,LOW,RecencyRatio -1.97 (lowers risk),CashbackPerOrder -1.67 (lowers risk),DaySinceLastOrder -1.66 (lowers risk),0
51776,0.0,LOW,NumberOfAddress -2.51 (lowers risk),CashbackPerOrder -1.97 (lowers risk),Complain -1.69 (lowers risk),0
51802,0.0,LOW,CashbackPerOrder -2.20 (lowers risk),NumberOfAddress +1.98 (raises risk),OrderAmountHikeFromlastYear -1.49 (lowers risk),0
53889,0.0,LOW,Complain +2.81 (raises risk),SatisfactionScore -2.29 (lowers risk),OrdersPerTenure -1.26 (lowers risk),0
53278,0.0,LOW,Tenure -4.55 (lowers risk),OrdersPerTenure -1.85 (lowers risk),Complain -1.38 (lowers risk),0
53992,0.0,LOW,Tenure -4.63 (lowers risk),OrdersPerTenure +1.85 (raises risk),NumberOfAddress +1.76 (raises risk),0
54563,0.0,LOW,Complain -1.41 (lowers risk),MaritalStatus_Single +1.28 (raises risk),CashbackPerOrder -1.27 (lowers risk),0
54642,0.0,LOW,Complain +3.32 (raises risk),SatisfactionScore -1.94 (lowers risk),NumberOfAddress -1.33 (lowers risk),0
54652,0.0,LOW,Complain +2.18 (raises risk),NumberOfAddress +1.10 (raises risk),IsNewCustomer -1.02 (lowers risk),0
54372,0.0,LOW,Complain -2.03 (lowers risk),MaritalStatus_Single +1.80 (raises risk),WarehouseToHome -1.36 (lowers risk),0
53093,0.0,LOW,Complain -1.41 (lowers risk),MaritalStatus_Single +1.28 (raises risk),CashbackPerOrder -1.27 (lowers risk),0
53318,0.0,LOW,Tenure -5.09 (lowers risk),CashbackAmount -2.46 (lowers risk),WarehouseToHome +1.64 (raises risk),0
51282,0.0,LOW,Tenure -5.16 (lowers risk),OrdersPerTenure -2.63 (lowers risk),Complain +2.25 (raises risk),0
52347,0.0,LOW,OrdersPerTenure -2.25 (lowers risk),Complain -1.53 (lowers risk),PreferredPaymentMode_Credit Card -1.16 (lowers risk),0
54718,0.0,LOW,WarehouseToHome -1.71 (lowers risk),OrdersPerTenure -1.42 (lowers risk),SatisfactionScore +1.08 (raises risk),0
51418,0.0,LOW,OrdersPerTenure -1.92 (lowers risk),Complain -1.74 (lowers risk),DaySinceLastOrder +1.59 (raises risk),0
50983,0.0,LOW,OrdersPerTenure -1.93 (lowers risk),PreferredPaymentMode_UPI -1.73 (lowers risk),IsNewCustomer -1.02 (lowers risk),0
50174,0.0,LOW,NumberOfDeviceRegistered -2.31 (lowers risk),SatisfactionScore -2.29 (lowers risk),DaySinceLastOrder +1.80 (raises risk),0
53502,0.0,LOW,OrdersPerTenure -2.35 (lowers risk),NumberOfAddress +1.92 (raises risk),Complain -1.52 (lowers risk),0
53761,0.0,LOW,NumberOfAddress -2.16 (lowers risk),SatisfactionScore +1.57 (raises risk),Complain -1.23 (lowers risk),0
53590,0.0,LOW,Tenure -4.77 (lowers risk),CashbackAmount -2.40 (lowers risk),WarehouseToHome -1.46 (lowers risk),0
50267,0.0,LOW,OrdersPerTenure -1.66 (lowers risk),Complain -1.33 (lowers risk),NumberOfAddress +1.20 (raises risk),0
52890,0.0,LOW,OrdersPerTenure -1.36 (lowers risk),Complain -1.11 (lowers risk),NumberOfAddress +0.79 (raises risk),0
51730,0.0,LOW,NumberOfAddress -1.47 (lowers risk),CityTier +0.94 (raises risk),Complain -0.94 (lowers risk),0
53714,0.0,LOW,Tenure -4.37 (lowers risk),WarehouseToHome -2.16 (lowers risk),Complain -1.53 (lowers risk),0
51811,0.0,LOW,OrdersPerTenure -1.85 (lowers risk),CashbackAmount +1.66 (raises risk),IsNewCustomer -1.01 (lowers risk),0
53836,0.0,LOW,NumberOfAddress +3.54 (raises risk),Complain +3.12 (raises risk),OrdersPerTenure -1.81 (lowers risk),0
52973,0.0,LOW,SatisfactionScore -1.88 (lowers risk),CashbackAmount -1.87 (lowers risk),DaySinceLastOrder -1.44 (lowers risk),0
52898,0.0,LOW,SatisfactionScore -1.89 (lowers risk),OrdersPerTenure -1.87 (lowers risk),Complain -1.52 (lowers risk),0
54532,0.0,LOW,Complain -2.33 (lowers risk),SatisfactionScore -2.11 (lowers risk),WarehouseToHome +1.15 (raises risk),0
50949,0.0,LOW,NumberOfAddress -2.25 (lowers risk),Complain -2.17 (lowers risk),Tenure +2.02 (raises risk),0
51658,0.0,LOW,NumberOfAddress -3.66 (lowers risk),Complain +3.06 (raises risk),SatisfactionScore -1.92 (lowers risk),0
54535,0.0,LOW,RecencyRatio -1.76 (lowers risk),SatisfactionScore -1.64 (lowers risk),NumberOfAddress -1.57 (lowers risk),0
53910,0.0,LOW,Complain -1.94 (lowers risk),IsNewCustomer -0.95 (lowers risk),CityTier -0.87 (lowers risk),0
52408,0.0,LOW,Complain +2.57 (raises risk),OrdersPerTenure -1.84 (lowers risk),PreferredPaymentMode_Credit Card -1.75 (lowers risk),0
50826,0.0,LOW,OrdersPerTenure +2.38 (raises risk),Complain +2.15 (raises risk),NumberOfAddress -1.79 (lowers risk),0
51570,0.0,LOW,NumberOfAddress -2.12 (lowers risk),WarehouseToHome -2.10 (lowers risk),OrdersPerTenure -1.22 (lowers risk),0
54455,0.0,LOW,SatisfactionScore -2.49 (lowers risk),Complain +2.33 (raises risk),OrdersPerTenure -2.10 (lowers risk),0
55031,0.0,LOW,SatisfactionScore +1.74 (raises risk),Complain +1.69 (raises risk),CityTier +1.35 (raises risk),0
53319,0.0,LOW,OrdersPerTenure -1.92 (lowers risk),NumberOfAddress +1.67 (raises risk),Complain -1.38 (lowers risk),0
51123,0.0,LOW,PreferredPaymentMode_Cash on Delivery +1.96 (raises risk),OrdersPerTenure -1.62 (lowers risk),NumberOfAddress -1.43 (lowers risk),0
53505,0.0,LOW,Complain -1.37 (lowers risk),NumberOfDeviceRegistered +0.84 (raises risk),PreferedOrderCat_Others +0.77 (raises risk),0
52348,0.0,LOW,OrderAmountHikeFromlastYear +1.31 (raises risk),PreferedOrderCat_Fashion +1.28 (raises risk),OrdersPerTenure -1.22 (lowers risk),0
52418,0.0,LOW,NumberOfAddress -2.10 (lowers risk),Complain -1.41 (lowers risk),Tenure +0.92 (raises risk),0
50679,0.0,LOW,SatisfactionScore -1.77 (lowers risk),Complain -1.65 (lowers risk),DaySinceLastOrder +1.49 (raises risk),0
54880,0.0,LOW,SatisfactionScore -2.00 (lowers risk),OrdersPerTenure -1.87 (lowers risk),Complain +1.67 (raises risk),0
55389,0.0,LOW,PreferredPaymentMode_UPI -2.87 (lowers risk),NumberOfDeviceRegistered +2.80 (raises risk),NumberOfAddress +2.66 (raises risk),0
54077,0.0,LOW,OrdersPerTenure +4.00 (raises risk),WarehouseToHome -2.24 (lowers risk),Complain -2.19 (lowers risk),0
54973,0.0,LOW,Complain -2.26 (lowers risk),WarehouseToHome +2.10 (raises risk),OrdersPerTenure -1.58 (lowers risk),0
53705,0.0,LOW,CashbackAmount -2.71 (lowers risk),Complain -1.62 (lowers risk),NumberOfAddress +1.21 (raises risk),0
50320,0.0,LOW,OrdersPerTenure -1.09 (lowers risk),CashbackAmount -0.99 (lowers risk),Complain -0.96 (lowers risk),0
50697,0.0,LOW,Tenure -5.86 (lowers risk),OrdersPerTenure -1.83 (lowers risk),NumberOfAddress +1.82 (raises risk),0
51706,0.0,LOW,Tenure -5.15 (lowers risk),WarehouseToHome -1.90 (lowers risk),OrdersPerTenure -1.57 (lowers risk),0
53265,0.0,LOW,NumberOfDeviceRegistered -3.01 (lowers risk),WarehouseToHome -1.99 (lowers risk),Complain -1.67 (lowers risk),0
50881,0.0,LOW,PreferredPaymentMode_UPI -2.31 (lowers risk),NumberOfAddress -1.78 (lowers risk),MaritalStatus_Single +1.62 (raises risk),0
52213,0.0,LOW,Tenure -4.82 (lowers risk),CashbackAmount -2.22 (lowers risk),OrdersPerTenure -1.39 (lowers risk),0
53086,0.0,LOW,OrdersPerTenure -1.90 (lowers risk),SatisfactionScore -1.59 (lowers risk),Complain -1.50 (lowers risk),0
54276,0.0,LOW,OrdersPerTenure -2.03 (lowers risk),WarehouseToHome -1.78 (lowers risk),CashbackAmount +1.43 (raises risk),0
54848,0.0,LOW,NumberOfAddress +1.98 (raises risk),Complain -1.63 (lowers risk),DaySinceLastOrder -1.45 (lowers risk),0
54018,0.0,LOW,NumberOfDeviceRegistered -2.45 (lowers risk),Complain -1.70 (lowers risk),CashbackAmount -1.40 (lowers risk),0
53349,0.0,LOW,Complain +2.52 (raises risk),NumberOfAddress -1.81 (lowers risk),CashbackPerOrder -1.03 (lowers risk),0
54384,0.0,LOW,NumberOfAddress -2.02 (lowers risk),OrdersPerTenure +1.27 (raises risk),WarehouseToHome -1.25 (lowers risk),0
54966,0.0,LOW,DaySinceLastOrder -1.49 (lowers risk),OrdersPerTenure -0.93 (lowers risk),IsNewCustomer -0.90 (lowers risk),0
51103,0.0,LOW,NumberOfAddress -1.49 (lowers risk),Complain -1.32 (lowers risk),OrdersPerTenure -1.32 (lowers risk),0
51358,0.0,LOW,Complain -1.80 (lowers risk),WarehouseToHome +1.78 (raises risk),CashbackPerOrder -1.71 (lowers risk),0
54393,0.0,LOW,Tenure -4.21 (lowers risk),Complain -1.97 (lowers risk),OrdersPerTenure -1.89 (lowers risk),0
52444,0.0,LOW,SatisfactionScore -2.77 (lowers risk),OrdersPerTenure -2.27 (lowers risk),Complain +1.96 (raises risk),0
50186,0.0,LOW,WarehouseToHome -2.12 (lowers risk),PreferredPaymentMode_UPI -1.98 (lowers risk),DaySinceLastOrder +1.96 (raises risk),0
55531,0.0,LOW,OrdersPerTenure -2.06 (lowers risk),Complain -1.58 (lowers risk),IsNewCustomer -0.90 (lowers risk),0
52244,0.0,LOW,NumberOfDeviceRegistered +1.00 (raises risk),CashbackPerOrder -0.97 (lowers risk),Complain -0.87 (lowers risk),0
52383,0.0,LOW,SatisfactionScore -2.26 (lowers risk),Complain +2.15 (raises risk),WarehouseToHome +1.46 (raises risk),0
50918,0.0,LOW,Complain -1.73 (lowers risk),OrdersPerTenure -1.30 (lowers risk),MaritalStatus_Single +1.25 (raises risk),0
54595,0.0,LOW,OrderAmountHikeFromlastYear -2.38 (lowers risk),NumberOfAddress -1.34 (lowers risk),Complain -1.26 (lowers risk),0
54866,0.0,LOW,NumberOfDeviceRegistered -2.49 (lowers risk),OrdersPerTenure -1.69 (lowers risk),WarehouseToHome -1.43 (lowers risk),0
53933,0.0,LOW,OrdersPerTenure -1.70 (lowers risk),Complain -1.54 (lowers risk),CashbackAmount -0.96 (lowers risk),0
55268,0.0,LOW,PreferredPaymentMode_UPI -2.32 (lowers risk),OrdersPerTenure -2.11 (lowers risk),NumberOfAddress +1.10 (raises risk),0
52368,0.0,LOW,NumberOfDeviceRegistered -2.72 (lowers risk),PreferredPaymentMode_Cash on Delivery +2.04 (raises risk),MaritalStatus_Single +1.88 (raises risk),0
52770,0.0,LOW,OrdersPerTenure -1.70 (lowers risk),WarehouseToHome +0.98 (raises risk),IsNewCustomer -0.86 (lowers risk),0
55084,0.0,LOW,NumberOfAddress +2.01 (raises risk),CashbackAmount -1.32 (lowers risk),OrdersPerTenure -1.07 (lowers risk),0
52654,0.0,LOW,Complain +1.92 (raises risk),SatisfactionScore -1.85 (lowers risk),OrdersPerTenure -1.36 (lowers risk),0
50970,0.0,LOW,NumberOfAddress -3.34 (lowers risk),CashbackPerOrder -1.43 (lowers risk),CityTier +0.87 (raises risk),0
54480,0.0,LOW,OrdersPerTenure +2.12 (raises risk),Complain +1.41 (raises risk),MaritalStatus_Single -1.17 (lowers risk),0
52023,0.0,LOW,Tenure -6.09 (lowers risk),PreferredPaymentMode_UPI -2.59 (lowers risk),OrdersPerTenure -1.95 (lowers risk),0
53720,0.0,LOW,PreferredPaymentMode_UPI -2.32 (lowers risk),DaySinceLastOrder -1.23 (lowers risk),OrdersPerTenure -1.20 (lowers risk),0
55331,0.0,LOW,SatisfactionScore -4.15 (lowers risk),Tenure +2.49 (raises risk),Complain -2.03 (lowers risk),0
55036,0.0,LOW,WarehouseToHome +2.24 (raises risk),DaySinceLastOrder -1.96 (lowers risk),OrderAmountHikeFromlastYear -1.78 (lowers risk),0
51394,0.0,LOW,Complain +3.18 (raises risk),SatisfactionScore -2.78 (lowers risk),MaritalStatus_Single +1.61 (raises risk),0
53784,0.0,LOW,SatisfactionScore -1.46 (lowers risk),Complain +0.99 (raises risk),IsNewCustomer -0.97 (lowers risk),0
53639,0.0,LOW,Complain +3.62 (raises risk),OrdersPerTenure -1.64 (lowers risk),NumberOfAddress -1.53 (lowers risk),0
52476,0.0,LOW,NumberOfDeviceRegistered -2.97 (lowers risk),Complain -1.65 (lowers risk),RecencyRatio -1.52 (lowers risk),0
55083,0.0,LOW,NumberOfDeviceRegistered -2.83 (lowers risk),OrderCount +2.16 (raises risk),WarehouseToHome -1.39 (lowers risk),0
53744,0.0,LOW,Tenure -3.78 (lowers risk),NumberOfDeviceRegistered -2.70 (lowers risk),OrderAmountHikeFromlastYear -2.14 (lowers risk),0
55001,0.0,LOW,NumberOfAddress +3.23 (raises risk),Complain -1.84 (lowers risk),CashbackAmount -1.44 (lowers risk),0
54171,0.0,LOW,NumberOfDeviceRegistered -2.34 (lowers risk),CashbackAmount +2.10 (raises risk),RecencyRatio +1.31 (raises risk),0
50940,0.0,LOW,NumberOfAddress -1.96 (lowers risk),Complain -1.89 (lowers risk),RecencyRatio -1.73 (lowers risk),0
51783,0.0,LOW,Complain -2.09 (lowers risk),PreferredPaymentMode_E wallet +2.04 (raises risk),OrdersPerTenure -1.96 (lowers risk),0
51411,0.0,LOW,Tenure -5.06 (lowers risk),Complain +2.87 (raises risk),OrdersPerTenure -1.52 (lowers risk),0
51598,0.0,LOW,SatisfactionScore -1.83 (lowers risk),Complain -1.77 (lowers risk),RecencyRatio -1.74 (lowers risk),0
54499,0.0,LOW,WarehouseToHome -1.22 (lowers risk),CityTier +1.12 (raises risk),Complain -1.11 (lowers risk),0
53842,0.0,LOW,Complain -2.26 (lowers risk),WarehouseToHome +2.05 (raises risk),NumberOfAddress -1.69 (lowers risk),0
50192,0.0,LOW,Tenure -6.03 (lowers risk),Complain +4.12 (raises risk),NumberOfAddress +2.78 (raises risk),0
50036,0.0,LOW,Complain -2.94 (lowers risk),Tenure +2.55 (raises risk),OrdersPerTenure +1.69 (raises risk),0
52867,0.0,LOW,OrdersPerTenure -1.52 (lowers risk),NumberOfAddress -1.18 (lowers risk),CashbackPerOrder +1.12 (raises risk),0
52602,0.0,LOW,OrdersPerTenure -2.10 (lowers risk),Complain -1.89 (lowers risk),NumberOfAddress +0.92 (raises risk),0
54571,0.0,LOW,NumberOfDeviceRegistered +2.25 (raises risk),WarehouseToHome -1.26 (lowers risk),Complain -1.11 (lowers risk),0
51686,0.0,LOW,OrdersPerTenure -2.07 (lowers risk),SatisfactionScore -1.65 (lowers risk),NumberOfAddress +1.37 (raises risk),0
54507,0.0,LOW,Complain +3.28 (raises risk),OrdersPerTenure -2.04 (lowers risk),NumberOfAddress +1.66 (raises risk),0
54190,0.0,LOW,OrdersPerTenure -2.15 (lowers risk),Complain -2.08 (lowers risk),CashbackAmount -1.31 (lowers risk),0
51171,0.0,LOW,NumberOfAddress -2.49 (lowers risk),Complain +2.02 (raises risk),PreferredPaymentMode_E wallet +1.73 (raises risk),0
54469,0.0,LOW,Tenure -5.50 (lowers risk),Complain +2.81 (raises risk),OrdersPerTenure -1.34 (lowers risk),0
51655,0.0,LOW,NumberOfAddress -2.58 (lowers risk),Complain +1.84 (raises risk),SatisfactionScore -1.71 (lowers risk),0
53029,0.0,LOW,WarehouseToHome -1.15 (lowers risk),CityTier +1.10 (raises risk),Complain -1.00 (lowers risk),0
54811,0.0,LOW,OrdersPerTenure -1.91 (lowers risk),NumberOfAddress +1.81 (raises risk),SatisfactionScore -1.28 (lowers risk),0
51965,0.0,LOW,NumberOfDeviceRegistered -3.19 (lowers risk),WarehouseToHome -2.01 (lowers risk),NumberOfAddress -1.67 (lowers risk),0
51101,0.0,LOW,CashbackAmount -1.81 (lowers risk),Complain -1.64 (lowers risk),NumberOfAddress -1.06 (lowers risk),0
51168,0.0,LOW,OrdersPerTenure -2.19 (lowers risk),SatisfactionScore -1.91 (lowers risk),CityTier +1.26 (raises risk),0
53571,0.0,LOW,PreferredPaymentMode_UPI -2.24 (lowers risk),Complain -1.63 (lowers risk),WarehouseToHome +1.45 (raises risk),0
52209,0.0,LOW,PreferredPaymentMode_UPI -3.12 (lowers risk),OrdersPerTenure -1.75 (lowers risk),Complain -1.25 (lowers risk),0
50103,0.0,LOW,OrdersPerTenure +2.34 (raises risk),WarehouseToHome -1.83 (lowers risk),CityTier +1.76 (raises risk),0
51405,0.0,LOW,WarehouseToHome -1.83 (lowers risk),OrdersPerTenure -1.44 (lowers risk),NumberOfAddress -1.19 (lowers risk),0
54101,0.0,LOW,OrdersPerTenure +1.62 (raises risk),DaySinceLastOrder -1.38 (lowers risk),CityTier +1.16 (raises risk),0
51021,0.0,LOW,Complain +2.97 (raises risk),NumberOfAddress +2.44 (raises risk),OrdersPerTenure -2.16 (lowers risk),0
53273,0.0,LOW,NumberOfDeviceRegistered -2.34 (lowers risk),OrderAmountHikeFromlastYear -1.97 (lowers risk),Complain -1.15 (lowers risk),0
54147,0.0,LOW,Complain +3.17 (raises risk),OrdersPerTenure -1.41 (lowers risk),SatisfactionScore +1.21 (raises risk),0
52661,0.0,LOW,Complain +2.34 (raises risk),PreferredPaymentMode_UPI -1.91 (lowers risk),OrdersPerTenure -1.75 (lowers risk),0
55264,0.0,LOW,Tenure -5.64 (lowers risk),NumberOfAddress +2.09 (raises risk),Complain -1.38 (lowers risk),0
54043,0.0,LOW,NumberOfDeviceRegistered -3.00 (lowers risk),OrdersPerTenure -2.10 (lowers risk),WarehouseToHome -1.39 (lowers risk),0
50954,0.0,LOW,WarehouseToHome +1.84 (raises risk),Complain -1.58 (lowers risk),CashbackAmount -1.35 (lowers risk),0
53821,0.0,LOW,NumberOfDeviceRegistered -2.97 (lowers risk),Complain -1.74 (lowers risk),RecencyRatio -1.39 (lowers risk),0
52032,0.0,LOW,Complain +3.74 (raises risk),RecencyRatio -1.73 (lowers risk),DaySinceLastOrder -1.67 (lowers risk),0
51966,0.0,LOW,OrdersPerTenure -1.98 (lowers risk),PreferredPaymentMode_Credit Card -1.27 (lowers risk),Complain -1.21 (lowers risk),0
50984,0.0,LOW,OrdersPerTenure -1.92 (lowers risk),Complain -1.59 (lowers risk),SatisfactionScore +1.43 (raises risk),0
51597,0.0,LOW,NumberOfAddress -2.37 (lowers risk),OrderAmountHikeFromlastYear -2.07 (lowers risk),OrdersPerTenure -1.81 (lowers risk),0
55450,0.0,LOW,PreferredPaymentMode_UPI -3.07 (lowers risk),NumberOfAddress +2.28 (raises risk),Complain -1.66 (lowers risk),0
55396,0.0,LOW,SatisfactionScore -2.04 (lowers risk),OrdersPerTenure -1.60 (lowers risk),NumberOfAddress +1.52 (raises risk),0
52074,0.0,LOW,Tenure -6.13 (lowers risk),NumberOfAddress +1.89 (raises risk),OrdersPerTenure -1.72 (lowers risk),0
50636,0.0,LOW,Tenure -5.73 (lowers risk),Complain -1.23 (lowers risk),OrdersPerTenure -1.13 (lowers risk),0
53777,0.0,LOW,Tenure -5.24 (lowers risk),NumberOfDeviceRegistered +1.70 (raises risk),Complain +1.59 (raises risk),0
55046,0.0,LOW,SatisfactionScore -2.96 (lowers risk),NumberOfAddress -2.04 (lowers risk),IsNewCustomer +2.02 (raises risk),0
52170,0.0,LOW,WarehouseToHome +2.08 (raises risk),PreferredPaymentMode_Credit Card -1.57 (lowers risk),OrdersPerTenure -1.54 (lowers risk),0
55052,0.0,LOW,NumberOfDeviceRegistered -2.99 (lowers risk),OrdersPerTenure +1.40 (raises risk),Complain -1.26 (lowers risk),0
53569,0.0,LOW,NumberOfDeviceRegistered -2.68 (lowers risk),NumberOfAddress +2.18 (raises risk),OrdersPerTenure -1.65 (lowers risk),0
53570,0.0,LOW,Tenure -4.59 (lowers risk),NumberOfDeviceRegistered -2.49 (lowers risk),OrdersPerTenure -1.73 (lowers risk),0
50606,0.0,LOW,Complain +3.00 (raises risk),NumberOfDeviceRegistered -2.91 (lowers risk),NumberOfAddress -2.61 (lowers risk),0
54433,0.0,LOW,Complain -2.15 (lowers risk),SatisfactionScore -1.63 (lowers risk),RecencyRatio -1.19 (lowers risk),0
51074,0.0,LOW,Complain +3.05 (raises risk),SatisfactionScore -2.46 (lowers risk),OrdersPerTenure -1.67 (lowers risk),0
53099,0.0,LOW,Tenure -4.63 (lowers risk),CashbackAmount -1.99 (lowers risk),WarehouseToHome -1.15 (lowers risk),0
51049,0.0,LOW,OrdersPerTenure -1.60 (lowers risk),WarehouseToHome -1.48 (lowers risk),NumberOfAddress +1.11 (raises risk),0
52026,0.0,LOW,DaySinceLastOrder +2.50 (raises risk),OrdersPerTenure -1.80 (lowers risk),PreferredPaymentMode_UPI -1.64 (lowers risk),0
50590,0.0,LOW,Tenure -4.69 (lowers risk),CashbackPerOrder -1.80 (lowers risk),Complain -1.59 (lowers risk),0
55165,0.0,LOW,NumberOfDeviceRegistered -4.26 (lowers risk),IsNewCustomer +2.56 (raises risk),Complain -2.20 (lowers risk),0
55184,0.0,LOW,Tenure -4.49 (lowers risk),OrdersPerTenure -1.62 (lowers risk),CashbackPerOrder +1.52 (raises risk),0
51677,0.0,LOW,Complain +3.38 (raises risk),NumberOfAddress -2.92 (lowers risk),Tenure +2.86 (raises risk),0
55436,0.0,LOW,Tenure -5.45 (lowers risk),CashbackAmount -1.70 (lowers risk),OrdersPerTenure -1.50 (lowers risk),0
50651,0.0,LOW,CashbackPerOrder -1.91 (lowers risk),OrdersPerTenure -1.68 (lowers risk),WarehouseToHome +1.31 (raises risk),0
50844,0.0,LOW,NumberOfDeviceRegistered -2.04 (lowers risk),RecencyRatio -1.62 (lowers risk),DaySinceLastOrder -1.56 (lowers risk),0
53974,0.0,LOW,SatisfactionScore -1.97 (lowers risk),RecencyRatio -1.84 (lowers risk),Complain -1.51 (lowers risk),0
51759,0.0,LOW,NumberOfAddress -1.71 (lowers risk),WarehouseToHome +1.30 (raises risk),OrdersPerTenure -1.15 (lowers risk),0
52489,0.0,LOW,SatisfactionScore +2.00 (raises risk),NumberOfAddress -1.45 (lowers risk),OrdersPerTenure -1.27 (lowers risk),0
51216,0.0,LOW,NumberOfAddress -1.87 (lowers risk),OrdersPerTenure -1.25 (lowers risk),Complain +1.22 (raises risk),0
50809,0.0,LOW,WarehouseToHome -1.94 (lowers risk),Complain -1.75 (lowers risk),OrdersPerTenure +1.73 (raises risk),0
54695,0.0,LOW,Tenure -4.77 (lowers risk),NumberOfDeviceRegistered -2.97 (lowers risk),CashbackAmount -2.44 (lowers risk),0
51055,0.0,LOW,CashbackPerOrder -1.54 (lowers risk),RecencyRatio -1.35 (lowers risk),OrdersPerTenure -1.13 (lowers risk),0
51419,0.0,LOW,OrdersPerTenure -1.88 (lowers risk),NumberOfAddress -1.56 (lowers risk),Complain -1.41 (lowers risk),0
50650,0.0,LOW,Tenure -5.51 (lowers risk),NumberOfAddress +2.93 (raises risk),OrdersPerTenure -1.54 (lowers risk),0
52880,0.0,LOW,Tenure -4.49 (lowers risk),CashbackAmount -2.11 (lowers risk),OrdersPerTenure -1.62 (lowers risk),0
53234,0.0,LOW,NumberOfDeviceRegistered +2.29 (raises risk),OrdersPerTenure -2.11 (lowers risk),WarehouseToHome +2.00 (raises risk),0
50097,0.0,LOW,NumberOfAddress +2.28 (raises risk),OrdersPerTenure -1.99 (lowers risk),Complain -1.58 (lowers risk),0
51930,0.0,LOW,OrdersPerTenure -1.16 (lowers risk),CashbackPerOrder -0.83 (lowers risk),CashbackAmount -0.76 (lowers risk),0
53104,0.0,LOW,WarehouseToHome +1.54 (raises risk),OrdersPerTenure -1.32 (lowers risk),CashbackAmount -1.17 (lowers risk),0
54722,0.0,LOW,Tenure -5.59 (lowers risk),OrdersPerTenure -1.44 (lowers risk),Complain -1.31 (lowers risk),0
52283,0.0,LOW,Complain +2.08 (raises risk),NumberOfAddress +2.04 (raises risk),CashbackAmount -1.59 (lowers risk),0
54317,0.0,LOW,Tenure -4.15 (lowers risk),OrdersPerTenure -1.73 (lowers risk),CashbackAmount -1.30 (lowers risk),0
52670,0.0,LOW,NumberOfAddress +3.43 (raises risk),Complain -1.83 (lowers risk),Tenure +1.67 (raises risk),0
53538,0.0,LOW,WarehouseToHome -2.08 (lowers risk),DaySinceLastOrder -1.42 (lowers risk),NumberOfAddress -1.29 (lowers risk),0
52750,0.0,LOW,OrdersPerTenure -1.57 (lowers risk),Complain -1.41 (lowers risk),PreferedOrderCat_Laptop & Accessory -1.08 (lowers risk),0
54336,0.0,LOW,Tenure -4.90 (lowers risk),Complain +2.63 (raises risk),NumberOfAddress +2.32 (raises risk),0
55067,0.0,LOW,NumberOfDeviceRegistered -2.39 (lowers risk),DaySinceLastOrder +1.63 (raises risk),CashbackAmount +1.61 (raises risk),0
53172,0.0,LOW,Complain +3.42 (raises risk),SatisfactionScore -1.71 (lowers risk),NumberOfAddress -1.25 (lowers risk),0
51507,0.0,LOW,Complain -2.34 (lowers risk),CashbackAmount -2.24 (lowers risk),NumberOfAddress +1.97 (raises risk),0
51421,0.0,LOW,SatisfactionScore -1.78 (lowers risk),Complain -1.28 (lowers risk),OrderAmountHikeFromlastYear +1.24 (raises risk),0
52118,0.0,LOW,Tenure -4.47 (lowers risk),OrdersPerTenure -1.76 (lowers risk),Complain -1.22 (lowers risk),0
52280,0.0,LOW,Complain -2.28 (lowers risk),WarehouseToHome -2.12 (lowers risk),OrdersPerTenure +2.04 (raises risk),0
52202,0.0,LOW,NumberOfAddress -2.24 (lowers risk),IsNewCustomer +2.02 (raises risk),Tenure +2.01 (raises risk),0
50296,0.0,LOW,CashbackPerOrder -2.01 (lowers risk),NumberOfAddress -1.49 (lowers risk),Complain -1.47 (lowers risk),0
51444,0.0,LOW,Tenure -5.75 (lowers risk),Complain -1.44 (lowers risk),NumberOfAddress -1.33 (lowers risk),0
53013,0.0,LOW,NumberOfAddress +2.85 (raises risk),OrdersPerTenure -1.44 (lowers risk),Complain -1.09 (lowers risk),0
53655,0.0,LOW,CashbackPerOrder -1.89 (lowers risk),Complain -1.19 (lowers risk),SatisfactionScore +1.07 (raises risk),0
52611,0.0,LOW,NumberOfAddress +1.92 (raises risk),PreferredPaymentMode_Cash on Delivery +1.80 (raises risk),OrdersPerTenure -1.65 (lowers risk),0
53549,0.0,LOW,Tenure -5.16 (lowers risk),OrdersPerTenure -2.04 (lowers risk),Complain -1.39 (lowers risk),0
53755,0.0,LOW,NumberOfAddress -1.90 (lowers risk),Complain -1.59 (lowers risk),CashbackPerOrder +1.57 (raises risk),0
50089,0.0,LOW,Tenure -4.93 (lowers risk),OrdersPerTenure -1.91 (lowers risk),NumberOfAddress +1.79 (raises risk),0
52022,0.0,LOW,Complain +2.18 (raises risk),WarehouseToHome +2.00 (raises risk),SatisfactionScore -1.78 (lowers risk),0
52922,0.0,LOW,PreferredPaymentMode_Cash on Delivery +1.68 (raises risk),RecencyRatio -1.09 (lowers risk),DaySinceLastOrder -0.91 (lowers risk),0
53514,0.0,LOW,Complain -1.41 (lowers risk),NumberOfAddress -1.40 (lowers risk),IsNewCustomer -0.99 (lowers risk),0
50073,0.0,LOW,OrdersPerTenure -1.87 (lowers risk),IsNewCustomer -0.88 (lowers risk),Complain -0.75 (lowers risk),0
52943,0.0,LOW,RecencyRatio -1.68 (lowers risk),Complain -1.63 (lowers risk),SatisfactionScore -1.54 (lowers risk),0
53949,0.0,LOW,Complain -1.87 (lowers risk),NumberOfAddress -1.51 (lowers risk),CashbackPerOrder +1.26 (raises risk),0
55471,0.0,LOW,Tenure -5.97 (lowers risk),Complain +2.80 (raises risk),CashbackAmount -2.01 (lowers risk),0
50248,0.0,LOW,OrdersPerTenure -1.88 (lowers risk),Complain -1.79 (lowers risk),DaySinceLastOrder +1.25 (raises risk),0
52091,0.0,LOW,Tenure -5.35 (lowers risk),Complain +3.00 (raises risk),OrdersPerTenure -1.26 (lowers risk),0
51792,0.0,LOW,NumberOfAddress +2.08 (raises risk),SatisfactionScore -1.68 (lowers risk),DaySinceLastOrder -1.61 (lowers risk),0
50589,0.0,LOW,Complain -2.71 (lowers risk),WarehouseToHome -2.15 (lowers risk),SatisfactionScore -1.53 (lowers risk),0
53811,0.0,LOW,OrdersPerTenure -2.31 (lowers risk),Complain -1.27 (lowers risk),CityTier +1.01 (raises risk),0
50251,0.0,LOW,Tenure -4.00 (lowers risk),DaySinceLastOrder +2.08 (raises risk),PreferredPaymentMode_UPI -1.63 (lowers risk),0
50043,0.0,LOW,OrdersPerTenure +2.04 (raises risk),WarehouseToHome -1.48 (lowers risk),CashbackAmount +1.23 (raises risk),0
52260,0.0,LOW,Tenure -5.38 (lowers risk),Complain +3.23 (raises risk),OrdersPerTenure -1.49 (lowers risk),0
53340,0.0,LOW,Tenure -4.91 (lowers risk),OrdersPerTenure -1.74 (lowers risk),CashbackAmount -1.29 (lowers risk),0
53816,0.0,LOW,SatisfactionScore -1.18 (lowers risk),RecencyRatio +0.85 (raises risk),Complain -0.77 (lowers risk),0
54041,0.0,LOW,NumberOfDeviceRegistered -3.43 (lowers risk),IsNewCustomer +2.29 (raises risk),MaritalStatus_Single +1.88 (raises risk),0
50726,0.0,LOW,OrdersPerTenure -2.11 (lowers risk),Complain -1.86 (lowers risk),NumberOfAddress -1.73 (lowers risk),0
50157,0.0,LOW,OrderAmountHikeFromlastYear -3.51 (lowers risk),CashbackAmount +1.99 (raises risk),NumberOfAddress -1.72 (lowers risk),0
53302,0.0,LOW,PreferredPaymentMode_UPI -2.40 (lowers risk),OrdersPerTenure -1.25 (lowers risk),Complain -1.23 (lowers risk),0
53081,0.0,LOW,CashbackAmount -1.15 (lowers risk),OrdersPerTenure -1.04 (lowers risk),Complain -0.99 (lowers risk),0
50833,0.0,LOW,Complain -2.11 (lowers risk),OrdersPerTenure -1.46 (lowers risk),DaySinceLastOrder +1.16 (raises risk),0
53500,0.0,LOW,NumberOfAddress -1.77 (lowers risk),CashbackAmount +1.67 (raises risk),RecencyRatio -1.50 (lowers risk),0
54757,0.0,LOW,NumberOfDeviceRegistered -2.47 (lowers risk),Complain -2.11 (lowers risk),WarehouseToHome -1.84 (lowers risk),0
55523,0.0,LOW,OrdersPerTenure -2.17 (lowers risk),NumberOfAddress +1.72 (raises risk),Complain -1.02 (lowers risk),0
55029,0.0,LOW,OrdersPerTenure +1.96 (raises risk),Complain -1.64 (lowers risk),RecencyRatio -1.57 (lowers risk),0
53188,0.0,LOW,Complain +3.09 (raises risk),SatisfactionScore -2.34 (lowers risk),PreferredPaymentMode_UPI -2.28 (lowers risk),0
50031,0.0,LOW,NumberOfAddress -2.08 (lowers risk),RecencyRatio -1.56 (lowers risk),PreferredPaymentMode_Cash on Delivery +1.42 (raises risk),0
52007,0.0,LOW,OrdersPerTenure -2.15 (lowers risk),Complain -1.01 (lowers risk),IsNewCustomer -0.84 (lowers risk),0
52399,0.0,LOW,Tenure -3.98 (lowers risk),NumberOfDeviceRegistered -2.76 (lowers risk),NumberOfAddress -2.12 (lowers risk),0
54473,0.0,LOW,Complain +2.21 (raises risk),NumberOfAddress -1.95 (lowers risk),SatisfactionScore -1.79 (lowers risk),0
54929,0.0,LOW,Complain -1.24 (lowers risk),WarehouseToHome +0.99 (raises risk),CashbackPerOrder -0.85 (lowers risk),0
53459,0.0,LOW,Complain -1.25 (lowers risk),WarehouseToHome +1.20 (raises risk),CashbackPerOrder -0.87 (lowers risk),0
53070,0.0,LOW,Tenure -4.75 (lowers risk),Complain +2.32 (raises risk),CashbackAmount -1.66 (lowers risk),0
52642,0.0,LOW,Complain -1.64 (lowers risk),CashbackAmount +1.62 (raises risk),WarehouseToHome +0.98 (raises risk),0
53739,0.0,LOW,PreferredPaymentMode_UPI -2.88 (lowers risk),NumberOfDeviceRegistered +2.14 (raises risk),DaySinceLastOrder -1.91 (lowers risk),0
54995,0.0,LOW,NumberOfAddress -1.22 (lowers risk),OrdersPerTenure -1.13 (lowers risk),IsNewCustomer -0.87 (lowers risk),0
53929,0.0,LOW,IsNewCustomer +2.38 (raises risk),Tenure +2.09 (raises risk),OrdersPerTenure +2.02 (raises risk),0
53447,0.0,LOW,Complain -2.59 (lowers risk),RecencyRatio -1.34 (lowers risk),PreferredLoginDevice_Computer +1.23 (raises risk),0
52801,0.0,LOW,OrdersPerTenure -2.09 (lowers risk),Complain -1.56 (lowers risk),MaritalStatus_Single +0.97 (raises risk),0
50775,0.0,LOW,Tenure -5.11 (lowers risk),CashbackAmount -2.65 (lowers risk),CashbackPerOrder -2.40 (lowers risk),0
54320,0.0,LOW,Complain -2.23 (lowers risk),NumberOfAddress +1.59 (raises risk),OrderAmountHikeFromlastYear -1.34 (lowers risk),0
55075,0.0,LOW,Tenure -5.47 (lowers risk),Complain +1.79 (raises risk),CashbackAmount -1.46 (lowers risk),0
50307,0.0,LOW,Tenure -5.08 (lowers risk),OrdersPerTenure -2.05 (lowers risk),NumberOfAddress +1.14 (raises risk),0
53095,0.0,LOW,RecencyRatio -2.01 (lowers risk),NumberOfAddress -1.81 (lowers risk),SatisfactionScore +1.50 (raises risk),0
51959,0.0,LOW,PreferredPaymentMode_UPI -2.39 (lowers risk),NumberOfAddress -1.56 (lowers risk),WarehouseToHome -1.25 (lowers risk),0
54007,0.0,LOW,OrdersPerTenure +1.47 (raises risk),OrderAmountHikeFromlastYear -1.00 (lowers risk),WarehouseToHome -0.82 (lowers risk),0
52488,0.0,LOW,Complain +2.33 (raises risk),NumberOfAddress -1.38 (lowers risk),OrdersPerTenure -1.35 (lowers risk),0
53893,0.0,LOW,OrdersPerTenure -2.16 (lowers risk),NumberOfAddress +1.61 (raises risk),Complain -1.54 (lowers risk),0
50952,0.0,LOW,Tenure -4.74 (lowers risk),OrdersPerTenure -1.27 (lowers risk),CashbackAmount -1.16 (lowers risk),0
51765,0.0,LOW,SatisfactionScore -2.74 (lowers risk),Complain -2.42 (lowers risk),IsNewCustomer +1.43 (raises risk),0
51039,0.0,LOW,Complain -1.16 (lowers risk),CashbackPerOrder -1.16 (lowers risk),CashbackAmount -1.09 (lowers risk),0
52974,0.0,LOW,Tenure -5.45 (lowers risk),OrdersPerTenure -2.09 (lowers risk),SatisfactionScore -1.53 (lowers risk),0
51247,0.0,LOW,Tenure -5.87 (lowers risk),OrdersPerTenure -2.29 (lowers risk),DaySinceLastOrder +1.07 (raises risk),0
55485,0.0,LOW,NumberOfDeviceRegistered +2.99 (raises risk),Complain -2.37 (lowers risk),NumberOfAddress +1.95 (raises risk),0
54243,0.0,LOW,Tenure -5.54 (lowers risk),OrdersPerTenure -1.30 (lowers risk),CashbackAmount +1.19 (raises risk),0
52466,0.0,LOW,OrdersPerTenure -2.24 (lowers risk),Complain -1.13 (lowers risk),CityTier +0.93 (raises risk),0
52475,0.0,LOW,CashbackAmount -1.72 (lowers risk),CashbackPerOrder -1.70 (lowers risk),Complain -1.41 (lowers risk),0
53582,0.0,LOW,NumberOfDeviceRegistered -3.02 (lowers risk),OrdersPerTenure +1.47 (raises risk),Complain -1.25 (lowers risk),0
54860,0.0,LOW,Tenure -4.46 (lowers risk),OrdersPerTenure -1.45 (lowers risk),Complain -0.99 (lowers risk),0
51058,0.0,LOW,NumberOfAddress -1.86 (lowers risk),OrdersPerTenure -1.65 (lowers risk),WarehouseToHome -1.46 (lowers risk),0
51951,0.0,LOW,OrdersPerTenure -1.73 (lowers risk),SatisfactionScore +1.24 (raises risk),IsNewCustomer -0.84 (lowers risk),0
50301,0.0,LOW,Tenure -4.33 (lowers risk),OrderCount +2.72 (raises risk),NumberOfAddress -1.56 (lowers risk),0
55176,0.0,LOW,PreferredPaymentMode_UPI -3.57 (lowers risk),NumberOfAddress +3.09 (raises risk),SatisfactionScore +2.23 (raises risk),0
51970,0.0,LOW,Tenure -5.58 (lowers risk),Complain +1.93 (raises risk),OrdersPerTenure -1.78 (lowers risk),0
52042,0.0,LOW,NumberOfAddress -1.55 (lowers risk),OrdersPerTenure -1.42 (lowers risk),Complain -1.01 (lowers risk),0
54468,0.0,LOW,WarehouseToHome +2.00 (raises risk),OrdersPerTenure -1.53 (lowers risk),Complain -1.35 (lowers risk),0
55581,0.0,LOW,DaySinceLastOrder +1.43 (raises risk),Complain -1.31 (lowers risk),OrdersPerTenure -1.23 (lowers risk),0
50896,0.0,LOW,OrdersPerTenure -1.56 (lowers risk),WarehouseToHome -1.38 (lowers risk),NumberOfAddress +1.19 (raises risk),0
50382,0.0,LOW,PreferredPaymentMode_UPI -2.66 (lowers risk),WarehouseToHome -1.37 (lowers risk),NumberOfAddress -1.09 (lowers risk),0
54510,0.0,LOW,NumberOfAddress -1.30 (lowers risk),CashbackAmount -1.17 (lowers risk),IsNewCustomer -1.00 (lowers risk),0
50479,0.0,LOW,Complain -2.36 (lowers risk),IsNewCustomer +2.02 (raises risk),OrdersPerTenure +1.57 (raises risk),0
52251,0.0,LOW,CashbackPerOrder -1.43 (lowers risk),WarehouseToHome -1.42 (lowers risk),Tenure +1.34 (raises risk),0
50800,0.0,LOW,Complain +3.66 (raises risk),NumberOfAddress -3.36 (lowers risk),OrdersPerTenure -1.40 (lowers risk),0
51159,0.0,LOW,RecencyRatio -2.35 (lowers risk),WarehouseToHome -2.08 (lowers risk),SatisfactionScore -1.94 (lowers risk),0
51609,0.0,LOW,Complain +2.78 (raises risk),CashbackAmount -1.80 (lowers risk),IsNewCustomer -0.84 (lowers risk),0
